Date,Daily Return,Cumulative Return,Cumulative Max,Drawdown
2020-01-02,,,,
2020-01-03,-0.0,1.0,1.0,0.0
2020-01-06,0.0,1.0,1.0,0.0
2020-01-07,0.0,1.0,1.0,0.0
2020-01-08,0.0,1.0,1.0,0.0
2020-01-09,0.0,1.0,1.0,0.0
2020-01-10,0.0,1.0,1.0,0.0
2020-01-13,0.0,1.0,1.0,0.0
2020-01-14,-0.0,1.0,1.0,0.0
2020-01-15,-0.0,1.0,1.0,0.0
2020-01-16,0.0,1.0,1.0,0.0
2020-01-17,0.0,1.0,1.0,0.0
2020-01-21,-0.0,1.0,1.0,0.0
2020-01-22,0.0,1.0,1.0,0.0
2020-01-23,0.0,1.0,1.0,0.0
2020-01-24,0.0,1.0,1.0,0.0
2020-01-27,-0.0,1.0,1.0,0.0
2020-01-28,0.0,1.0,1.0,0.0
2020-01-29,0.0,1.0,1.0,0.0
2020-01-30,-0.0,1.0,1.0,0.0
2020-01-31,-0.0,1.0,1.0,0.0
2020-02-03,-0.0,1.0,1.0,0.0
2020-02-04,0.014260401015756388,1.0142604010157563,1.0142604010157563,0.0
2020-02-05,0.008849734555947982,1.0232363363353552,1.0232363363353552,0.0
2020-02-06,-0.00011568699988906764,1.0231179611934271,1.0232363363353552,-0.00011568699988895315
2020-02-07,-0.014399412899891847,1.0083856632249073,1.0232363363353552,-0.014513434074902465
2020-02-10,-0.010153252077182042,0.9981472693951684,1.0232363363353552,-0.024519327597416485
2020-02-11,0.006828823175031596,1.0049634406005086,1.0232363363353552,-0.01785794257491835
2020-02-12,0.02291405397708928,1.02799122712343,1.02799122712343,0.0
2020-02-13,-0.004036688310348732,1.0238415469537596,1.02799122712343,-0.004036688310348868
2020-02-14,-0.004839829749614057,1.018886328175922,1.02799122712343,-0.008856981175788592
2020-02-18,-0.024089332471625185,0.9943420366656988,1.02799122712343,-0.03273295488317529
2020-02-19,0.012774013338203117,1.0070437751048025,1.02799122712343,-0.020377072747248537
2020-02-20,-0.001558435372049756,1.0054743624644766,1.02799122712343,-0.021903751768350133
2020-02-21,-0.004624176626404051,1.00082487141912,1.02799122712343,-0.026426641577796506
2020-02-24,-0.022935596702267306,0.9778703557986524,1.02799122712343,-0.048756127486640044
2020-02-25,-0.024470365517728278,0.9539415107633084,1.02799122712343,-0.07203341274354136
2020-02-26,0.00874476569565975,0.9622835057622973,1.02799122712343,-0.06391856236458249
2020-02-27,-0.025224841599776636,0.9380100567553655,1.02799122712343,-0.08753106835342717
2020-02-28,-0.014379569520022659,0.9245218759337714,1.02799122712343,-0.10065197879089982
2020-03-02,0.05519050926243332,0.9755467090908165,1.02799122712343,-0.05101650349620779
2020-03-03,-0.00445774671795519,0.971197968950155,1.02799122712343,-0.05524683156314125
2020-03-04,0.025466711300394598,0.9959311872409381,1.02799122712343,-0.03118707537242671
2020-03-05,-0.018139765370503422,0.9778652291792206,1.02799122712343,-0.04876111451308207
2020-03-06,0.0028251545525709264,0.980627849583237,1.02799122712343,-0.04607371764516632
2020-03-09,-0.0,0.980627849583237,1.02799122712343,-0.04607371764516632
2020-03-10,0.0,0.980627849583237,1.02799122712343,-0.04607371764516632
2020-03-11,-0.0,0.980627849583237,1.02799122712343,-0.04607371764516632
2020-03-12,-0.0,0.980627849583237,1.02799122712343,-0.04607371764516632
2020-03-13,0.0,0.980627849583237,1.02799122712343,-0.04607371764516632
2020-03-16,-0.04467234330444353,0.9368209056327563,1.02799122712343,-0.08868784001765306
2020-03-17,-0.0,0.9368209056327563,1.02799122712343,-0.08868784001765306
2020-03-18,-0.0,0.9368209056327563,1.02799122712343,-0.08868784001765306
2020-03-19,-0.0,0.9368209056327563,1.02799122712343,-0.08868784001765306
2020-03-20,-0.0,0.9368209056327563,1.02799122712343,-0.08868784001765306
2020-03-23,-0.01556079874853699,0.9222432240567828,1.02799122712343,-0.10286858513623298
2020-03-24,0.048538123097929646,0.9670071791922824,1.02799122712343,-0.059323510086555675
2020-03-25,-5.461799376136733e-05,0.9669543632002021,1.02799122712343,-0.059374887949213195
2020-03-26,0.01698500029729199,0.9833780833466254,1.02799122712343,-0.04339837014139025
2020-03-27,-0.018008253757385677,0.9656691612822678,1.02799122712343,-0.06062509503661284
2020-03-30,-0.011538129480670664,0.9545271454639023,1.02799122712343,-0.07146372432097314
2020-03-31,0.00692003700045999,0.961132508628456,1.02799122712343,-0.0650382189370049
2020-04-01,-0.032386714545920355,0.9300045844307019,1.02799122712343,-0.09531855925163735
2020-04-02,0.0048879933446199855,0.9345504406498653,1.02799122712343,-0.09089648239025816
2020-04-03,-0.0091236253075655,0.9260239525983557,1.02799122712343,-0.09919080225071919
2020-04-06,0.044866566997834645,0.9675714683092096,1.02799122712343,-0.05877458602763519
2020-04-07,-0.005445605682572432,0.96230245562309,1.02799122712343,-0.06390012849054472
2020-04-08,0.019879396961760495,0.9814324481356984,1.02799122712343,-0.0452910275489552
2020-04-09,0.007181401632413948,0.988480508720844,1.02799122712343,-0.03843487897571507
2020-04-13,0.01835133450168701,1.006620445184778,1.02799122712343,-0.02078887579464328
2020-04-14,0.022310512935980447,1.0290786636486953,1.0290786636486953,0.0
2020-04-15,-0.0031576155222516724,1.02582922888674,1.0290786636486953,-0.003157615522251689
2020-04-16,-0.009158276137470625,1.0164344015387068,1.0290786636486953,-0.01228697334483353
2020-04-17,-0.018589082475037096,0.9975398186180388,1.0290786636486953,-0.030647652258995017
2020-04-20,-0.009464198732411513,0.9880989035311438,1.0290786636486953,-0.03982179551974563
2020-04-21,-0.007347588781733083,0.9808387591123156,1.0290786636486953,-0.046876790123449474
2020-04-22,0.009452359936540124,0.9901100001031545,1.0290786636486953,-0.03786752647982583
2020-04-23,0.003020048506434873,0.9931001803301723,1.0290786636486953,-0.034961839740178746
2020-04-24,0.01846615796808876,1.0114389251382867,1.0290786636486953,-0.017141292627587124
2020-04-27,0.0023389109384516103,1.0138045907038682,1.0290786636486953,-0.014842473645961585
2020-04-28,-0.002329812247472961,1.011442616351902,1.0290786636486953,-0.017137705716551488
2020-04-29,0.007278836674445885,1.0188047419619015,1.0290786636486953,-0.009983611602991216
2020-04-30,0.015380321387527618,1.0344742863244127,1.0344742863244127,0.0
2020-05-01,-0.001347621423277004,1.0330802066143328,1.0344742863244127,-0.0013476214232770456
2020-05-04,0.00021278675079322573,1.0333000323948072,1.0344742863244127,-0.0011351214284676114
2020-05-05,0.008892085858972294,1.0424882250009406,1.0424882250009406,0.0
2020-05-06,0.004706893299394465,1.0473951058418953,1.0473951058418953,0.0
2020-05-07,0.00703643929557196,1.054765037922631,1.054765037922631,0.0
2020-05-08,0.020450293732050318,1.076335292766446,1.076335292766446,0.0
2020-05-11,0.009380129152309957,1.0864314568237845,1.0864314568237845,0.0
2020-05-12,0.001477502870146188,1.0880366624194586,1.0880366624194586,0.0
2020-05-13,-0.0034583353568958166,1.0842738667602145,1.0880366624194586,-0.0034583353568957698
2020-05-14,0.0036710261268315643,1.088254264453732,1.088254264453732,0.0
2020-05-15,-0.014212101587606395,1.0727878842941698,1.088254264453732,-0.01421210158760633
2020-05-18,0.018117680725277162,1.092224312667757,1.092224312667757,0.0
2020-05-19,-0.0018346481681417283,1.0902204653333214,1.092224312667757,-0.001834648168141717
2020-05-20,0.011545262965893782,1.1028073472963937,1.1028073472963937,0.0
2020-05-21,-0.0006121608131150376,1.1021322518539636,1.1028073472963937,-0.0006121608131149925
2020-05-22,0.006189829513669696,1.1089542625944566,1.1089542625944566,0.0
2020-05-26,-0.0007500712490867987,1.1081224678855324,1.1089542625944566,-0.000750071249086659
2020-05-27,0.003603696967868417,1.1121158054630782,1.1121158054630782,0.0
2020-05-28,0.0017252051049700741,1.114034433327981,1.114034433327981,0.0
2020-05-29,-0.006784418351670596,1.1064763576741177,1.114034433327981,-0.006784418351670651
2020-06-01,0.013603333681154513,1.1215281247778672,1.1215281247778672,0.0
2020-06-02,-0.0018523026655870379,1.1194507152428104,1.1215281247778672,-0.0018523026655870023
2020-06-03,0.004118679320740885,1.1240613737542695,1.1240613737542695,0.0
2020-06-04,-0.00111259061117624,1.1228107536234446,1.1240613737542695,-0.0011125906111763006
2020-06-05,0.015150310088995138,1.139821684712098,1.139821684712098,0.0
2020-06-08,0.0023820981800702747,1.1425368518728554,1.1425368518728554,0.0
2020-06-09,0.0272222020679526,1.1736392209246207,1.1736392209246207,0.0
2020-06-10,0.004595028434887349,1.1790321265170685,1.1790321265170685,0.0
2020-06-11,-0.017416409881712797,1.1584976197379397,1.1790321265170685,-0.01741640988171278
2020-06-12,0.00413722429550703,1.1632905842366068,1.1790321265170685,-0.013351241180308726
2020-06-15,0.008725598185592199,1.1734409904477383,1.1790321265170685,-0.004742140560534791
2020-06-16,0.012540691898539492,1.1881567523700605,1.1881567523700605,0.0
2020-06-17,-0.00336391343388805,1.184159895909198,1.1881567523700605,-0.0033639134338881993
2020-06-18,-0.00570287808994142,1.17740677638383,1.1881567523700605,-0.009047607535610958
2020-06-19,-0.0023190688091193966,1.1746762890530726,1.1881567523700605,-0.011345694320297306
2020-06-22,0.010340177749005166,1.186822650679423,1.1881567523700605,-0.0011228330672499176
2020-06-23,0.017538435699449254,1.207637663425014,1.207637663425014,0.0
2020-06-24,-0.006167685829039168,1.2001893337216938,1.207637663425014,-0.006167685829039038
2020-06-25,0.0060761110145422965,1.2074818173518562,1.207637663425014,-0.00012905035829691158
2020-06-26,-0.019321900202778484,1.184150974180314,1.207637663425014,-0.0194484570629313
2020-06-29,0.016923451588165397,1.2041908958649334,1.207637663425014,-0.0028541404963349226
2020-06-30,-0.006208706811613982,1.1967144276472932,1.207637663425014,-0.00904512678640812
2020-07-01,-0.00522277699916894,1.1904642550600033,1.207637663425014,-0.014220663105442455
2020-07-02,-0.004342037227930442,1.1852952149460123,1.207637663425014,-0.018500953684763122
2020-07-06,0.014485878474156486,1.2024652573857193,1.207637663425014,-0.004283077777340272
2020-07-07,0.003521895881928524,1.2067002148238681,1.207637663425014,-0.0007762664493977667
2020-07-08,0.010759948159758819,1.2196842465797428,1.2196842465797428,0.0
2020-07-09,0.00031177786342205874,1.220064517128191,1.220064517128191,0.0
2020-07-10,0.0034770954004722096,1.2243067978489768,1.2243067978489768,0.0
2020-07-13,0.012985345134618947,1.2402048441697058,1.2402048441697058,0.0
2020-07-14,0.013026342238918815,1.2563601769162251,1.2563601769162251,0.0
2020-07-15,0.0077253991796004465,1.2660660607962564,1.2660660607962564,0.0
2020-07-16,-0.0,1.2660660607962564,1.2660660607962564,0.0
2020-07-17,0.0,1.2660660607962564,1.2660660607962564,0.0
2020-07-20,-0.0,1.2660660607962564,1.2660660607962564,0.0
2020-07-21,-0.006127719532766301,1.2583079630657428,1.2660660607962564,-0.0061277195327662515
2020-07-22,-0.005378496248860406,1.2515401584064825,1.2660660607962564,-0.011473257865105557
2020-07-23,-0.020736008818269872,1.2255882106453468,1.2660660607962564,-0.0319713571071103
2020-07-24,0.0010108682616251142,1.2268271188693103,1.2660660607962564,-0.0309928076756657
2020-07-27,0.01648299383018218,1.2470489027003333,1.2660660607962564,-0.01502066810318159
2020-07-28,-0.011312592934444136,1.2329415460947393,1.2660660607962564,-0.026163338333770936
2020-07-29,0.013414967320120753,1.2494814166432193,1.2660660607962564,-0.013099351342383048
2020-07-30,0.012546751521467659,1.2651583495085332,1.2660660607962564,-0.0007169541273006619
2020-07-31,0.0,1.2651583495085332,1.2660660607962564,-0.0007169541273006619
2020-08-03,-0.0,1.2651583495085332,1.2660660607962564,-0.0007169541273006619
2020-08-04,0.0,1.2651583495085332,1.2660660607962564,-0.0007169541273006619
2020-08-05,0.0,1.2651583495085332,1.2660660607962564,-0.0007169541273006619
2020-08-06,0.0,1.2651583495085332,1.2660660607962564,-0.0007169541273006619
2020-08-07,-0.0,1.2651583495085332,1.2660660607962564,-0.0007169541273006619
2020-08-10,0.0,1.2651583495085332,1.2660660607962564,-0.0007169541273006619
2020-08-11,-0.0,1.2651583495085332,1.2660660607962564,-0.0007169541273006619
2020-08-12,0.0,1.2651583495085332,1.2660660607962564,-0.0007169541273006619
2020-08-13,0.0,1.2651583495085332,1.2660660607962564,-0.0007169541273006619
2020-08-14,-0.0,1.2651583495085332,1.2660660607962564,-0.0007169541273006619
2020-08-17,-0.0,1.2651583495085332,1.2660660607962564,-0.0007169541273006619
2020-08-18,0.0,1.2651583495085332,1.2660660607962564,-0.0007169541273006619
2020-08-19,0.0,1.2651583495085332,1.2660660607962564,-0.0007169541273006619
2020-08-20,0.0,1.2651583495085332,1.2660660607962564,-0.0007169541273006619
2020-08-21,0.0,1.2651583495085332,1.2660660607962564,-0.0007169541273006619
2020-08-24,-0.010168364258803391,1.252293758565664,1.2660660607962564,-0.010878028135380857
2020-08-25,0.015616000875464157,1.2718495789957638,1.2718495789957638,0.0
2020-08-26,0.0,1.2718495789957638,1.2718495789957638,0.0
2020-08-27,-0.0,1.2718495789957638,1.2718495789957638,0.0
2020-08-28,-0.0,1.2718495789957638,1.2718495789957638,0.0
2020-08-31,0.0,1.2718495789957638,1.2718495789957638,0.0
2020-09-01,0.0,1.2718495789957638,1.2718495789957638,0.0
2020-09-02,0.03169856597571464,1.312165386786746,1.312165386786746,0.0
2020-09-03,-0.0,1.312165386786746,1.312165386786746,0.0
2020-09-04,0.0,1.312165386786746,1.312165386786746,0.0
2020-09-08,-0.0,1.312165386786746,1.312165386786746,0.0
2020-09-09,0.0,1.312165386786746,1.312165386786746,0.0
2020-09-10,-0.0,1.312165386786746,1.312165386786746,0.0
2020-09-11,-0.0,1.312165386786746,1.312165386786746,0.0
2020-09-14,0.0,1.312165386786746,1.312165386786746,0.0
2020-09-15,-0.0,1.312165386786746,1.312165386786746,0.0
2020-09-16,-0.0,1.312165386786746,1.312165386786746,0.0
2020-09-17,-0.0,1.312165386786746,1.312165386786746,0.0
2020-09-18,-0.0,1.312165386786746,1.312165386786746,0.0
2020-09-21,0.0,1.312165386786746,1.312165386786746,0.0
2020-09-22,0.0,1.312165386786746,1.312165386786746,0.0
2020-09-23,-0.0,1.312165386786746,1.312165386786746,0.0
2020-09-24,0.0,1.312165386786746,1.312165386786746,0.0
2020-09-25,0.0,1.312165386786746,1.312165386786746,0.0
2020-09-28,0.0,1.312165386786746,1.312165386786746,0.0
2020-09-29,-0.0,1.312165386786746,1.312165386786746,0.0
2020-09-30,0.0,1.312165386786746,1.312165386786746,0.0
2020-10-01,0.0,1.312165386786746,1.312165386786746,0.0
2020-10-02,-0.0,1.312165386786746,1.312165386786746,0.0
2020-10-05,0.0,1.312165386786746,1.312165386786746,0.0
2020-10-06,-0.0,1.312165386786746,1.312165386786746,0.0
2020-10-07,0.0,1.312165386786746,1.312165386786746,0.0
2020-10-08,-0.0,1.312165386786746,1.312165386786746,0.0
2020-10-09,0.0,1.312165386786746,1.312165386786746,0.0
2020-10-12,0.0,1.312165386786746,1.312165386786746,0.0
2020-10-13,-0.0,1.312165386786746,1.312165386786746,0.0
2020-10-14,0.0,1.312165386786746,1.312165386786746,0.0
2020-10-15,-0.0,1.312165386786746,1.312165386786746,0.0
2020-10-16,-0.0,1.312165386786746,1.312165386786746,0.0
2020-10-19,-0.0,1.312165386786746,1.312165386786746,0.0
2020-10-20,0.0,1.312165386786746,1.312165386786746,0.0
2020-10-21,-0.0,1.312165386786746,1.312165386786746,0.0
2020-10-22,-0.0,1.312165386786746,1.312165386786746,0.0
2020-10-23,-0.0,1.312165386786746,1.312165386786746,0.0
2020-10-26,0.0,1.312165386786746,1.312165386786746,0.0
2020-10-27,0.0,1.312165386786746,1.312165386786746,0.0
2020-10-28,-0.0,1.312165386786746,1.312165386786746,0.0
2020-10-29,0.0,1.312165386786746,1.312165386786746,0.0
2020-10-30,-0.0,1.312165386786746,1.312165386786746,0.0
2020-11-02,-0.0,1.312165386786746,1.312165386786746,0.0
2020-11-03,0.0,1.312165386786746,1.312165386786746,0.0
2020-11-04,0.0,1.312165386786746,1.312165386786746,0.0
2020-11-05,0.0,1.312165386786746,1.312165386786746,0.0
2020-11-06,-0.0,1.312165386786746,1.312165386786746,0.0
2020-11-09,-0.0,1.312165386786746,1.312165386786746,0.0
2020-11-10,0.0,1.312165386786746,1.312165386786746,0.0
2020-11-11,0.0,1.312165386786746,1.312165386786746,0.0
2020-11-12,0.0,1.312165386786746,1.312165386786746,0.0
2020-11-13,-0.0,1.312165386786746,1.312165386786746,0.0
2020-11-16,0.0,1.312165386786746,1.312165386786746,0.0
2020-11-17,-0.0,1.312165386786746,1.312165386786746,0.0
2020-11-18,-0.0,1.312165386786746,1.312165386786746,0.0
2020-11-19,0.0,1.312165386786746,1.312165386786746,0.0
2020-11-20,-0.0,1.312165386786746,1.312165386786746,0.0
2020-11-23,-0.0,1.312165386786746,1.312165386786746,0.0
2020-11-24,0.0,1.312165386786746,1.312165386786746,0.0
2020-11-25,0.0,1.312165386786746,1.312165386786746,0.0
2020-11-27,0.0,1.312165386786746,1.312165386786746,0.0
2020-11-30,0.0,1.312165386786746,1.312165386786746,0.0
2020-12-01,0.0,1.312165386786746,1.312165386786746,0.0
2020-12-02,0.0,1.312165386786746,1.312165386786746,0.0
2020-12-03,0.0,1.312165386786746,1.312165386786746,0.0
2020-12-04,-0.0,1.312165386786746,1.312165386786746,0.0
2020-12-07,0.0,1.312165386786746,1.312165386786746,0.0
2020-12-08,0.0,1.312165386786746,1.312165386786746,0.0
2020-12-09,-0.0,1.312165386786746,1.312165386786746,0.0
2020-12-10,0.0,1.312165386786746,1.312165386786746,0.0
2020-12-11,0.014150069173001434,1.3307326177761967,1.3307326177761967,0.0
2020-12-14,-0.0,1.3307326177761967,1.3307326177761967,0.0
2020-12-15,0.0,1.3307326177761967,1.3307326177761967,0.0
2020-12-16,0.014250012212054183,1.3496955738304863,1.3496955738304863,0.0
2020-12-17,-0.006599618048797823,1.340788098561052,1.3496955738304863,-0.006599618048797828
2020-12-18,0.013695424378061136,1.3591507605718993,1.3591507605718993,0.0
2020-12-21,0.0,1.3591507605718993,1.3591507605718993,0.0
2020-12-22,0.0,1.3591507605718993,1.3591507605718993,0.0
2020-12-23,-0.0004528345354909164,1.3585352901685737,1.3591507605718993,-0.0004528345354908314
2020-12-24,-0.003252398891180958,1.3541167914971992,1.3591507605718993,-0.0037037606281307145
2020-12-28,-0.03011317546975944,1.3133400349482964,1.3591507605718993,-0.0337054041041972
2020-12-29,0.011263031321787041,1.3281322248980758,1.3591507605718993,-0.02282199780454941
2020-12-30,0.002248707768564082,1.3311188061498842,1.3591507605718993,-0.020624610039742697
2020-12-31,0.009604418992976314,1.343903428893578,1.3591507605718993,-0.011218278443154817
2021-01-04,0.01260317489034478,1.360840878843658,1.360840878843658,0.0
2021-01-05,-0.011814081190651915,1.3447637942134407,1.360840878843658,-0.01181408119065197
2021-01-06,0.01888872996747922,1.370164674392381,1.370164674392381,0.0
2021-01-07,-0.017910212226046704,1.3456247342893812,1.370164674392381,-0.017910212226046718
2021-01-08,-0.005160306219883759,1.3386808986033985,1.370164674392381,-0.02297809626638092
2021-01-11,0.017723408524097747,1.3624068870527528,1.370164674392381,-0.00566193792951819
2021-01-12,-0.005310803469485137,1.3551714118301426,1.370164674392381,-0.010942671959403238
2021-01-13,-0.012488951593850328,1.338246741666426,1.370164674392381,-0.02329496105284523
2021-01-14,0.006383999107205081,1.3467901076704445,1.370164674392381,-0.01705967695620403
2021-01-15,0.012740663840822576,1.3639491076964187,1.370164674392381,-0.004536364724713526
2021-01-19,0.004727467418349998,1.370397132663341,1.370397132663341,0.0
2021-01-20,-0.012060828666200108,1.3538690076416366,1.370397132663341,-0.012060828666200063
2021-01-21,-0.03505835287112275,1.3064045902304593,1.370397132663341,-0.04669634875002504
2021-01-22,-0.013591913117238903,1.2886480525440847,1.370397132663341,-0.05965356915216147
2021-01-25,-0.018656606896563087,1.264606252399748,1.370397132663341,-0.0771972428590757
2021-01-26,0.005270662613595921,1.2712715652951911,1.370397132663341,-0.07233346086728976
2021-01-27,0.009081569751957997,1.2828167066891,1.370397132663341,-0.06390879248559878
2021-01-28,0.04973661034189236,1.3466196613697654,1.370397132663341,-0.017350788852983468
2021-01-29,-0.0,1.3466196613697654,1.370397132663341,-0.017350788852983468
2021-02-01,-0.0,1.3466196613697654,1.370397132663341,-0.017350788852983468
2021-02-02,0.0,1.3466196613697654,1.370397132663341,-0.017350788852983468
2021-02-03,-0.0,1.3466196613697654,1.370397132663341,-0.017350788852983468
2021-02-04,0.0,1.3466196613697654,1.370397132663341,-0.017350788852983468
2021-02-05,-0.0,1.3466196613697654,1.370397132663341,-0.017350788852983468
2021-02-08,0.0,1.3466196613697654,1.370397132663341,-0.017350788852983468
2021-02-09,-0.0,1.3466196613697654,1.370397132663341,-0.017350788852983468
2021-02-10,-0.0,1.3466196613697654,1.370397132663341,-0.017350788852983468
2021-02-11,-0.0,1.3466196613697654,1.370397132663341,-0.017350788852983468
2021-02-12,0.0,1.3466196613697654,1.370397132663341,-0.017350788852983468
2021-02-16,-0.0,1.3466196613697654,1.370397132663341,-0.017350788852983468
2021-02-17,-0.0,1.3466196613697654,1.370397132663341,-0.017350788852983468
2021-02-18,-0.0,1.3466196613697654,1.370397132663341,-0.017350788852983468
2021-02-19,0.0,1.3466196613697654,1.370397132663341,-0.017350788852983468
2021-02-22,-0.0,1.3466196613697654,1.370397132663341,-0.017350788852983468
2021-02-23,0.0,1.3466196613697654,1.370397132663341,-0.017350788852983468
2021-02-24,-0.0,1.3466196613697654,1.370397132663341,-0.017350788852983468
2021-02-25,-0.0,1.3466196613697654,1.370397132663341,-0.017350788852983468
2021-02-26,-0.0,1.3466196613697654,1.370397132663341,-0.017350788852983468
2021-03-01,0.0,1.3466196613697654,1.370397132663341,-0.017350788852983468
2021-03-02,-0.0,1.3466196613697654,1.370397132663341,-0.017350788852983468
2021-03-03,-0.0,1.3466196613697654,1.370397132663341,-0.017350788852983468
2021-03-04,-0.0,1.3466196613697654,1.370397132663341,-0.017350788852983468
2021-03-05,-0.0,1.3466196613697654,1.370397132663341,-0.017350788852983468
2021-03-08,-0.0,1.3466196613697654,1.370397132663341,-0.017350788852983468
2021-03-09,0.0,1.3466196613697654,1.370397132663341,-0.017350788852983468
2021-03-10,-0.0,1.3466196613697654,1.370397132663341,-0.017350788852983468
2021-03-11,0.0,1.3466196613697654,1.370397132663341,-0.017350788852983468
2021-03-12,-0.0,1.3466196613697654,1.370397132663341,-0.017350788852983468
2021-03-15,0.0,1.3466196613697654,1.370397132663341,-0.017350788852983468
2021-03-16,0.0,1.3466196613697654,1.370397132663341,-0.017350788852983468
2021-03-17,-0.0,1.3466196613697654,1.370397132663341,-0.017350788852983468
2021-03-18,-0.0,1.3466196613697654,1.370397132663341,-0.017350788852983468
2021-03-19,-0.0,1.3466196613697654,1.370397132663341,-0.017350788852983468
2021-03-22,0.0,1.3466196613697654,1.370397132663341,-0.017350788852983468
2021-03-23,-0.0,1.3466196613697654,1.370397132663341,-0.017350788852983468
2021-03-24,-0.0,1.3466196613697654,1.370397132663341,-0.017350788852983468
2021-03-25,0.0,1.3466196613697654,1.370397132663341,-0.017350788852983468
2021-03-26,-0.0,1.3466196613697654,1.370397132663341,-0.017350788852983468
2021-03-29,0.0,1.3466196613697654,1.370397132663341,-0.017350788852983468
2021-03-30,-0.0,1.3466196613697654,1.370397132663341,-0.017350788852983468
2021-03-31,0.0,1.3466196613697654,1.370397132663341,-0.017350788852983468
2021-04-01,-0.0,1.3466196613697654,1.370397132663341,-0.017350788852983468
2021-04-05,0.0,1.3466196613697654,1.370397132663341,-0.017350788852983468
2021-04-06,0.0,1.3466196613697654,1.370397132663341,-0.017350788852983468
2021-04-07,0.0,1.3466196613697654,1.370397132663341,-0.017350788852983468
2021-04-08,0.0,1.3466196613697654,1.370397132663341,-0.017350788852983468
2021-04-09,0.0,1.3466196613697654,1.370397132663341,-0.017350788852983468
2021-04-12,-0.0,1.3466196613697654,1.370397132663341,-0.017350788852983468
2021-04-13,0.0,1.3466196613697654,1.370397132663341,-0.017350788852983468
2021-04-14,-0.0,1.3466196613697654,1.370397132663341,-0.017350788852983468
2021-04-15,0.0,1.3466196613697654,1.370397132663341,-0.017350788852983468
2021-04-16,-0.0,1.3466196613697654,1.370397132663341,-0.017350788852983468
2021-04-19,0.0,1.3466196613697654,1.370397132663341,-0.017350788852983468
2021-04-20,-0.0,1.3466196613697654,1.370397132663341,-0.017350788852983468
2021-04-21,-0.0,1.3466196613697654,1.370397132663341,-0.017350788852983468
2021-04-22,-0.0,1.3466196613697654,1.370397132663341,-0.017350788852983468
2021-04-23,0.0,1.3466196613697654,1.370397132663341,-0.017350788852983468
2021-04-26,0.0,1.3466196613697654,1.370397132663341,-0.017350788852983468
2021-04-27,-0.0,1.3466196613697654,1.370397132663341,-0.017350788852983468
2021-04-28,0.0,1.3466196613697654,1.370397132663341,-0.017350788852983468
2021-04-29,0.0,1.3466196613697654,1.370397132663341,-0.017350788852983468
2021-04-30,-0.0,1.3466196613697654,1.370397132663341,-0.017350788852983468
2021-05-03,0.0,1.3466196613697654,1.370397132663341,-0.017350788852983468
2021-05-04,-0.0,1.3466196613697654,1.370397132663341,-0.017350788852983468
2021-05-05,0.0,1.3466196613697654,1.370397132663341,-0.017350788852983468
2021-05-06,0.0,1.3466196613697654,1.370397132663341,-0.017350788852983468
2021-05-07,-0.0,1.3466196613697654,1.370397132663341,-0.017350788852983468
2021-05-10,-0.0,1.3466196613697654,1.370397132663341,-0.017350788852983468
2021-05-11,-0.0,1.3466196613697654,1.370397132663341,-0.017350788852983468
2021-05-12,-0.0,1.3466196613697654,1.370397132663341,-0.017350788852983468
2021-05-13,0.0,1.3466196613697654,1.370397132663341,-0.017350788852983468
2021-05-14,0.0,1.3466196613697654,1.370397132663341,-0.017350788852983468
2021-05-17,-0.0,1.3466196613697654,1.370397132663341,-0.017350788852983468
2021-05-18,-0.0,1.3466196613697654,1.370397132663341,-0.017350788852983468
2021-05-19,-0.0,1.3466196613697654,1.370397132663341,-0.017350788852983468
2021-05-20,0.0,1.3466196613697654,1.370397132663341,-0.017350788852983468
2021-05-21,-0.0,1.3466196613697654,1.370397132663341,-0.017350788852983468
2021-05-24,0.0,1.3466196613697654,1.370397132663341,-0.017350788852983468
2021-05-25,-0.0,1.3466196613697654,1.370397132663341,-0.017350788852983468
2021-05-26,0.0,1.3466196613697654,1.370397132663341,-0.017350788852983468
2021-05-27,-0.0,1.3466196613697654,1.370397132663341,-0.017350788852983468
2021-05-28,-0.0,1.3466196613697654,1.370397132663341,-0.017350788852983468
2021-06-01,0.0,1.3466196613697654,1.370397132663341,-0.017350788852983468
2021-06-02,0.0,1.3466196613697654,1.370397132663341,-0.017350788852983468
2021-06-03,-0.0,1.3466196613697654,1.370397132663341,-0.017350788852983468
2021-06-04,0.0,1.3466196613697654,1.370397132663341,-0.017350788852983468
2021-06-07,-0.0,1.3466196613697654,1.370397132663341,-0.017350788852983468
2021-06-08,0.0,1.3466196613697654,1.370397132663341,-0.017350788852983468
2021-06-09,0.0,1.3466196613697654,1.370397132663341,-0.017350788852983468
2021-06-10,-0.0,1.3466196613697654,1.370397132663341,-0.017350788852983468
2021-06-11,0.0,1.3466196613697654,1.370397132663341,-0.017350788852983468
2021-06-14,0.0,1.3466196613697654,1.370397132663341,-0.017350788852983468
2021-06-15,-0.0,1.3466196613697654,1.370397132663341,-0.017350788852983468
2021-06-16,0.0,1.3466196613697654,1.370397132663341,-0.017350788852983468
2021-06-17,0.0,1.3466196613697654,1.370397132663341,-0.017350788852983468
2021-06-18,-0.0,1.3466196613697654,1.370397132663341,-0.017350788852983468
2021-06-21,0.0,1.3466196613697654,1.370397132663341,-0.017350788852983468
2021-06-22,0.0,1.3466196613697654,1.370397132663341,-0.017350788852983468
2021-06-23,-0.0,1.3466196613697654,1.370397132663341,-0.017350788852983468
2021-06-24,-0.0,1.3466196613697654,1.370397132663341,-0.017350788852983468
2021-06-25,0.0,1.3466196613697654,1.370397132663341,-0.017350788852983468
2021-06-28,0.0,1.3466196613697654,1.370397132663341,-0.017350788852983468
2021-06-29,0.0,1.3466196613697654,1.370397132663341,-0.017350788852983468
2021-06-30,0.0,1.3466196613697654,1.370397132663341,-0.017350788852983468
2021-07-01,0.0,1.3466196613697654,1.370397132663341,-0.017350788852983468
2021-07-02,0.0,1.3466196613697654,1.370397132663341,-0.017350788852983468
2021-07-06,0.0,1.3466196613697654,1.370397132663341,-0.017350788852983468
2021-07-07,0.0,1.3466196613697654,1.370397132663341,-0.017350788852983468
2021-07-08,-0.0,1.3466196613697654,1.370397132663341,-0.017350788852983468
2021-07-09,0.0,1.3466196613697654,1.370397132663341,-0.017350788852983468
2021-07-12,-0.0,1.3466196613697654,1.370397132663341,-0.017350788852983468
2021-07-13,0.0,1.3466196613697654,1.370397132663341,-0.017350788852983468
2021-07-14,0.0,1.3466196613697654,1.370397132663341,-0.017350788852983468
2021-07-15,-0.0,1.3466196613697654,1.370397132663341,-0.017350788852983468
2021-07-16,-0.0,1.3466196613697654,1.370397132663341,-0.017350788852983468
2021-07-19,-0.0,1.3466196613697654,1.370397132663341,-0.017350788852983468
2021-07-20,0.0,1.3466196613697654,1.370397132663341,-0.017350788852983468
2021-07-21,-0.0,1.3466196613697654,1.370397132663341,-0.017350788852983468
2021-07-22,0.0,1.3466196613697654,1.370397132663341,-0.017350788852983468
2021-07-23,0.0,1.3466196613697654,1.370397132663341,-0.017350788852983468
2021-07-26,0.0,1.3466196613697654,1.370397132663341,-0.017350788852983468
2021-07-27,-0.0,1.3466196613697654,1.370397132663341,-0.017350788852983468
2021-07-28,-0.0,1.3466196613697654,1.370397132663341,-0.017350788852983468
2021-07-29,0.0,1.3466196613697654,1.370397132663341,-0.017350788852983468
2021-07-30,0.0,1.3466196613697654,1.370397132663341,-0.017350788852983468
2021-08-02,-0.0,1.3466196613697654,1.370397132663341,-0.017350788852983468
2021-08-03,0.0,1.3466196613697654,1.370397132663341,-0.017350788852983468
2021-08-04,-0.0,1.3466196613697654,1.370397132663341,-0.017350788852983468
2021-08-05,-0.0,1.3466196613697654,1.370397132663341,-0.017350788852983468
2021-08-06,-0.0,1.3466196613697654,1.370397132663341,-0.017350788852983468
2021-08-09,0.0,1.3466196613697654,1.370397132663341,-0.017350788852983468
2021-08-10,0.0,1.3466196613697654,1.370397132663341,-0.017350788852983468
2021-08-11,0.0,1.3466196613697654,1.370397132663341,-0.017350788852983468
2021-08-12,0.0,1.3466196613697654,1.370397132663341,-0.017350788852983468
2021-08-13,-0.0,1.3466196613697654,1.370397132663341,-0.017350788852983468
2021-08-16,0.0,1.3466196613697654,1.370397132663341,-0.017350788852983468
2021-08-17,-0.0,1.3466196613697654,1.370397132663341,-0.017350788852983468
2021-08-18,-0.0,1.3466196613697654,1.370397132663341,-0.017350788852983468
2021-08-19,-0.0,1.3466196613697654,1.370397132663341,-0.017350788852983468
2021-08-20,-0.004414375170648757,1.3406751769723073,1.370397132663341,-0.02168857113212841
2021-08-23,0.009714149455824867,1.3536986960131308,1.370397132663341,-0.012185107697764375
2021-08-24,0.003195611764032151,1.3580245914910654,1.370397132663341,-0.00902843480723714
2021-08-25,-0.007273077379720788,1.348147573553587,1.370397132663341,-0.01623584768198716
2021-08-26,-1.8394391928743502e-05,1.3481227751987412,1.370397132663341,-0.016253943425370454
2021-08-27,0.005984338588197894,1.3561903983439916,1.370397132663341,-0.01036687393802338
2021-08-30,0.023060640694196444,1.3874650178331216,1.3874650178331216,0.0
2021-08-31,-0.0,1.3874650178331216,1.3874650178331216,0.0
2021-09-01,0.0,1.3874650178331216,1.3874650178331216,0.0
2021-09-02,0.0,1.3874650178331216,1.3874650178331216,0.0
2021-09-03,0.0,1.3874650178331216,1.3874650178331216,0.0
2021-09-07,0.0,1.3874650178331216,1.3874650178331216,0.0
2021-09-08,-0.0,1.3874650178331216,1.3874650178331216,0.0
2021-09-09,-0.0,1.3874650178331216,1.3874650178331216,0.0
2021-09-10,-0.0,1.3874650178331216,1.3874650178331216,0.0
2021-09-13,0.0,1.3874650178331216,1.3874650178331216,0.0
2021-09-14,-0.0,1.3874650178331216,1.3874650178331216,0.0
2021-09-15,-0.003415683125208237,1.3827258769848922,1.3874650178331216,-0.0034156831252082354
2021-09-16,-0.002358094945777277,1.3794652780829786,1.3874650178331216,-0.005765723565871683
2021-09-17,-0.008361587224096984,1.3679307588376746,1.3874650178331216,-0.014079100189462568
2021-09-20,-0.01077789472204656,1.3531873451318728,1.3874650178331216,-0.02470525185188599
2021-09-21,0.002459655682349679,1.35651572007461,1.3874650178331216,-0.02230636258263774
2021-09-22,0.009567331249261634,1.3694939553133947,1.3874650178331216,-0.012952443693170168
2021-09-23,0.0048490335419649686,1.3761346774382275,1.3874650178331216,-0.008166216985123875
2021-09-24,0.0010122332234242671,1.3775276466786368,1.3874650178331216,-0.007162249877841642
2021-09-27,-0.0006909183406832043,1.3765758875627483,1.3874650178331216,-0.007848219688723734
2021-09-28,-0.003174714350898458,1.372205652337402,1.3874650178331216,-0.010998018183947411
2021-09-29,0.0,1.372205652337402,1.3874650178331216,-0.010998018183947411
2021-09-30,-0.0,1.372205652337402,1.3874650178331216,-0.010998018183947411
2021-10-01,-0.0,1.372205652337402,1.3874650178331216,-0.010998018183947411
2021-10-04,-0.012800847022708336,1.3546402576981351,1.3874650178331216,-0.023658081258330133
2021-10-05,0.0027880601538491784,1.3584170762234233,1.3874650178331216,-0.02093598125815377
2021-10-06,-0.0022755943253300135,1.355325870033338,1.3874650178331216,-0.023163933783337587
2021-10-07,0.0057022162448160125,1.3630542312264613,1.3874650178331216,-0.017593803298034838
2021-10-08,-0.0027216577089527183,1.3593444641703232,1.3874650178331216,-0.02026757669661161
2021-10-11,0.0005682411379935315,1.3601168996155684,1.3874650178331216,-0.019710852429464687
2021-10-12,-0.006488948598944803,1.3512911709654067,1.3874650178331216,-0.02607189832015333
2021-10-13,-0.010912377431847649,1.3365453716875089,1.3874650178331216,-0.03669976935716668
2021-10-14,0.00784304851469618,1.3470279618797465,1.3874650178331216,-0.029144558914017016
2021-10-15,0.004764961181663383,1.3534464978287186,1.3874650178331216,-0.024518470424235606
2021-10-18,0.006037596237917652,1.361618061312232,1.3874650178331216,-0.018628906811110957
2021-10-19,0.013337555058354851,1.3797787171734341,1.3874650178331216,-0.005539815823026317
2021-10-20,0.004876587766211203,1.3865073291856806,1.3874650178331216,-0.0006902434548847758
2021-10-21,-0.004734547417217248,1.3799428444913318,1.3874650178331216,-0.005421522881735474
2021-10-22,-0.0023516500714002857,1.3766977018025555,1.3874650178331216,-0.007760423428463836
2021-10-25,0.0015617025294064142,1.3788476940856884,1.3874650178331216,-0.006210840371954962
2021-10-26,0.000914008003976815,1.3801079719143479,1.3874650178331216,-0.005302509125789445
2021-10-27,-0.027141856764698123,1.3426492790208306,1.3874650178331216,-0.03230044594730186
2021-10-28,0.022911462763861596,1.373411337982042,1.3874650178331216,-0.010129033648017982
2021-10-29,-0.030925940172004725,1.3309373011120564,1.3874650178331216,-0.040741723931423834
2021-11-01,-0.0017419106967882813,1.3286189271904947,1.3874650178331216,-0.04241266618349049
2021-11-02,0.0006117788012774414,1.3294317480851257,1.3874650178331216,-0.04182683455228986
2021-11-03,0.008311070081382863,1.3404807485118764,1.3874650178331216,-0.03386339022415363
2021-11-04,-0.007660770240964849,1.3302116334850902,1.3874650178331216,-0.04126474081303111
2021-11-05,0.004225921818392015,1.3358330038501136,1.3874650178331216,-0.037213200563171345
2021-11-08,-0.00712932531864827,1.326309415794279,1.3874650178331216,-0.04407722086885668
2021-11-09,0.004217501132360222,1.3319031272572512,1.3874650178331216,-0.04004561546542218
2021-11-10,-0.010429232899729758,1.318012399343207,1.3874650178331216,-0.050057203314850085
2021-11-11,-0.0031451513394449137,1.3138670508800077,1.3874650178331216,-0.053044917174240425
2021-11-12,0.006984281177927025,1.3230434677937675,1.3874650178331216,-0.0464311166129181
2021-11-15,0.0011664107576690717,1.3245866799274657,1.3874650178331216,-0.045318863609157045
2021-11-16,0.0008347869015110651,1.3256924275377853,1.3874650178331216,-0.044521908301378255
2021-11-17,0.016103849645136607,1.34704117906655,1.3874650178331216,-0.029135032773441538
2021-11-18,0.024923641961966198,1.3806143511216296,1.3874650178331216,-0.004937541936870682
2021-11-19,0.013904234179396775,1.3998107363710606,1.3998107363710606,0.0
2021-11-22,0.008374045349534521,1.4115328149581972,1.4115328149581972,0.0
2021-11-23,0.006026550413151295,1.4200394886273602,1.4200394886273602,0.0
2021-11-24,0.002895443386580235,1.424151132573389,1.424151132573389,0.0
2021-11-26,-0.01780219433868554,1.3987981173436586,1.424151132573389,-0.017802194338685462
2021-11-29,0.009863132722058245,1.412594648826384,1.424151132573389,-0.008114647022133714
2021-11-30,0.04180032604237516,1.4716415657130413,1.4716415657130413,0.0
2021-12-01,-0.00232746584423804,1.468216370233883,1.4716415657130413,-0.0023274658442381524
2021-12-02,-0.005111448403564914,1.4607116580121633,1.4716415657130413,-0.007427017526229096
2021-12-03,-0.000519681800106744,1.4599525527482906,1.4716415657130413,-0.007942839640498356
2021-12-06,0.015893850947442254,1.4831568210120096,1.4831568210120096,0.0
2021-12-07,0.0,1.4831568210120096,1.4831568210120096,0.0
2021-12-08,0.0,1.4831568210120096,1.4831568210120096,0.0
2021-12-09,0.0,1.4831568210120096,1.4831568210120096,0.0
2021-12-10,0.0,1.4831568210120096,1.4831568210120096,0.0
2021-12-13,-0.0,1.4831568210120096,1.4831568210120096,0.0
2021-12-14,0.0,1.4831568210120096,1.4831568210120096,0.0
2021-12-15,0.0,1.4831568210120096,1.4831568210120096,0.0
2021-12-16,-0.0,1.4831568210120096,1.4831568210120096,0.0
2021-12-17,-0.0,1.4831568210120096,1.4831568210120096,0.0
2021-12-20,-0.0,1.4831568210120096,1.4831568210120096,0.0
2021-12-21,0.0,1.4831568210120096,1.4831568210120096,0.0
2021-12-22,0.0,1.4831568210120096,1.4831568210120096,0.0
2021-12-23,0.0,1.4831568210120096,1.4831568210120096,0.0
2021-12-27,0.0,1.4831568210120096,1.4831568210120096,0.0
2021-12-28,-0.0,1.4831568210120096,1.4831568210120096,0.0
2021-12-29,-0.0,1.4831568210120096,1.4831568210120096,0.0
2021-12-30,-0.0,1.4831568210120096,1.4831568210120096,0.0
2021-12-31,0.0,1.4831568210120096,1.4831568210120096,0.0
2022-01-03,0.0,1.4831568210120096,1.4831568210120096,0.0
2022-01-04,-0.0,1.4831568210120096,1.4831568210120096,0.0
2022-01-05,-0.0,1.4831568210120096,1.4831568210120096,0.0
2022-01-06,-0.0,1.4831568210120096,1.4831568210120096,0.0
2022-01-07,0.0,1.4831568210120096,1.4831568210120096,0.0
2022-01-10,-0.0,1.4831568210120096,1.4831568210120096,0.0
2022-01-11,0.0,1.4831568210120096,1.4831568210120096,0.0
2022-01-12,-0.0,1.4831568210120096,1.4831568210120096,0.0
2022-01-13,0.0,1.4831568210120096,1.4831568210120096,0.0
2022-01-14,-0.0,1.4831568210120096,1.4831568210120096,0.0
2022-01-18,-0.0,1.4831568210120096,1.4831568210120096,0.0
2022-01-19,-0.0,1.4831568210120096,1.4831568210120096,0.0
2022-01-20,-0.0,1.4831568210120096,1.4831568210120096,0.0
2022-01-21,-0.0,1.4831568210120096,1.4831568210120096,0.0
2022-01-24,-0.0,1.4831568210120096,1.4831568210120096,0.0
2022-01-25,0.0,1.4831568210120096,1.4831568210120096,0.0
2022-01-26,-0.0,1.4831568210120096,1.4831568210120096,0.0
2022-01-27,-0.0,1.4831568210120096,1.4831568210120096,0.0
2022-01-28,0.0,1.4831568210120096,1.4831568210120096,0.0
2022-01-31,0.0,1.4831568210120096,1.4831568210120096,0.0
2022-02-01,0.0,1.4831568210120096,1.4831568210120096,0.0
2022-02-02,-0.0,1.4831568210120096,1.4831568210120096,0.0
2022-02-03,0.0,1.4831568210120096,1.4831568210120096,0.0
2022-02-04,-0.0,1.4831568210120096,1.4831568210120096,0.0
2022-02-07,0.0,1.4831568210120096,1.4831568210120096,0.0
2022-02-08,0.0,1.4831568210120096,1.4831568210120096,0.0
2022-02-09,-0.0,1.4831568210120096,1.4831568210120096,0.0
2022-02-10,-0.0,1.4831568210120096,1.4831568210120096,0.0
2022-02-11,-0.0,1.4831568210120096,1.4831568210120096,0.0
2022-02-14,0.0,1.4831568210120096,1.4831568210120096,0.0
2022-02-15,0.0,1.4831568210120096,1.4831568210120096,0.0
2022-02-16,-0.0,1.4831568210120096,1.4831568210120096,0.0
2022-02-17,-0.0,1.4831568210120096,1.4831568210120096,0.0
2022-02-18,0.003868861231466553,1.4888949489370082,1.4888949489370082,0.0
2022-02-22,0.017396555704357643,1.5147965928541276,1.5147965928541276,0.0
2022-02-23,-0.0,1.5147965928541276,1.5147965928541276,0.0
2022-02-24,-0.0,1.5147965928541276,1.5147965928541276,0.0
2022-02-25,0.0,1.5147965928541276,1.5147965928541276,0.0
2022-02-28,-0.0,1.5147965928541276,1.5147965928541276,0.0
2022-03-01,-0.0,1.5147965928541276,1.5147965928541276,0.0
2022-03-02,0.0,1.5147965928541276,1.5147965928541276,0.0
2022-03-03,0.0,1.5147965928541276,1.5147965928541276,0.0
2022-03-04,-0.0,1.5147965928541276,1.5147965928541276,0.0
2022-03-07,-0.0,1.5147965928541276,1.5147965928541276,0.0
2022-03-08,-0.0,1.5147965928541276,1.5147965928541276,0.0
2022-03-09,0.0,1.5147965928541276,1.5147965928541276,0.0
2022-03-10,-0.0,1.5147965928541276,1.5147965928541276,0.0
2022-03-11,-0.0,1.5147965928541276,1.5147965928541276,0.0
2022-03-14,-0.0,1.5147965928541276,1.5147965928541276,0.0
2022-03-15,0.0,1.5147965928541276,1.5147965928541276,0.0
2022-03-16,0.0,1.5147965928541276,1.5147965928541276,0.0
2022-03-17,0.0,1.5147965928541276,1.5147965928541276,0.0
2022-03-18,0.0,1.5147965928541276,1.5147965928541276,0.0
2022-03-21,0.0,1.5147965928541276,1.5147965928541276,0.0
2022-03-22,0.0,1.5147965928541276,1.5147965928541276,0.0
2022-03-23,0.0,1.5147965928541276,1.5147965928541276,0.0
2022-03-24,0.0,1.5147965928541276,1.5147965928541276,0.0
2022-03-25,0.0,1.5147965928541276,1.5147965928541276,0.0
2022-03-28,-0.0,1.5147965928541276,1.5147965928541276,0.0
2022-03-29,0.0,1.5147965928541276,1.5147965928541276,0.0
2022-03-30,-0.0,1.5147965928541276,1.5147965928541276,0.0
2022-03-31,-0.0,1.5147965928541276,1.5147965928541276,0.0
2022-04-01,-0.0,1.5147965928541276,1.5147965928541276,0.0
2022-04-04,0.0,1.5147965928541276,1.5147965928541276,0.0
2022-04-05,-0.0,1.5147965928541276,1.5147965928541276,0.0
2022-04-06,0.0,1.5147965928541276,1.5147965928541276,0.0
2022-04-07,-0.0,1.5147965928541276,1.5147965928541276,0.0
2022-04-08,-0.0,1.5147965928541276,1.5147965928541276,0.0
2022-04-11,-0.0,1.5147965928541276,1.5147965928541276,0.0
2022-04-12,-0.01791444650115554,1.4876598503313097,1.5147965928541276,-0.01791444650115548
2022-04-13,-0.005111739684507689,1.4800553204373224,1.5147965928541276,-0.022934612198557303
2022-04-14,0.01455713888766716,1.501600691298359,1.5147965928541276,-0.008711335645999352
2022-04-18,0.002735801569766449,1.5057087728267755,1.5147965928541276,-0.005999366561967978
2022-04-19,-0.004406836940499511,1.4990733597850483,1.5147965928541276,-0.01037976527228257
2022-04-20,0.0031322532630901397,1.5037688372078466,1.5147965928541276,-0.007280024062836676
2022-04-21,-0.006198749537721078,1.494447350823365,1.5147965928541276,-0.013433646554763645
2022-04-22,0.0140653094838404,1.515467215320001,1.515467215320001,0.0
2022-04-25,0.007172117540801826,1.5263363243175077,1.5263363243175077,0.0
2022-04-26,0.016017443263622807,1.55078432979347,1.55078432979347,0.0
2022-04-27,0.02887666972529991,1.5955658167000868,1.5955658167000868,0.0
2022-04-28,0.0,1.5955658167000868,1.5955658167000868,0.0
2022-04-29,-0.0,1.5955658167000868,1.5955658167000868,0.0
2022-05-02,-0.0,1.5955658167000868,1.5955658167000868,0.0
2022-05-03,0.0,1.5955658167000868,1.5955658167000868,0.0
2022-05-04,0.0,1.5955658167000868,1.5955658167000868,0.0
2022-05-05,-0.0,1.5955658167000868,1.5955658167000868,0.0
2022-05-06,0.0,1.5955658167000868,1.5955658167000868,0.0
2022-05-09,-0.0,1.5955658167000868,1.5955658167000868,0.0
2022-05-10,0.0,1.5955658167000868,1.5955658167000868,0.0
2022-05-11,-0.0,1.5955658167000868,1.5955658167000868,0.0
2022-05-12,-0.0,1.5955658167000868,1.5955658167000868,0.0
2022-05-13,0.0,1.5955658167000868,1.5955658167000868,0.0
2022-05-16,-0.0,1.5955658167000868,1.5955658167000868,0.0
2022-05-17,0.0,1.5955658167000868,1.5955658167000868,0.0
2022-05-18,-0.0,1.5955658167000868,1.5955658167000868,0.0
2022-05-19,-0.0,1.5955658167000868,1.5955658167000868,0.0
2022-05-20,0.0,1.5955658167000868,1.5955658167000868,0.0
2022-05-23,0.0,1.5955658167000868,1.5955658167000868,0.0
2022-05-24,-0.0,1.5955658167000868,1.5955658167000868,0.0
2022-05-25,-0.0,1.5955658167000868,1.5955658167000868,0.0
2022-05-26,0.0,1.5955658167000868,1.5955658167000868,0.0
2022-05-27,0.0,1.5955658167000868,1.5955658167000868,0.0
2022-05-31,-0.0,1.5955658167000868,1.5955658167000868,0.0
2022-06-01,-0.0,1.5955658167000868,1.5955658167000868,0.0
2022-06-02,0.0,1.5955658167000868,1.5955658167000868,0.0
2022-06-03,-0.0,1.5955658167000868,1.5955658167000868,0.0
2022-06-06,0.0,1.5955658167000868,1.5955658167000868,0.0
2022-06-07,0.0,1.5955658167000868,1.5955658167000868,0.0
2022-06-08,-0.0,1.5955658167000868,1.5955658167000868,0.0
2022-06-09,-0.0,1.5955658167000868,1.5955658167000868,0.0
2022-06-10,-0.0,1.5955658167000868,1.5955658167000868,0.0
2022-06-13,-0.0,1.5955658167000868,1.5955658167000868,0.0
2022-06-14,0.0,1.5955658167000868,1.5955658167000868,0.0
2022-06-15,0.0,1.5955658167000868,1.5955658167000868,0.0
2022-06-16,-0.0,1.5955658167000868,1.5955658167000868,0.0
2022-06-17,0.0,1.5955658167000868,1.5955658167000868,0.0
2022-06-21,0.0,1.5955658167000868,1.5955658167000868,0.0
2022-06-22,-0.0,1.5955658167000868,1.5955658167000868,0.0
2022-06-23,0.0,1.5955658167000868,1.5955658167000868,0.0
2022-06-24,0.0,1.5955658167000868,1.5955658167000868,0.0
2022-06-27,0.0,1.5955658167000868,1.5955658167000868,0.0
2022-06-28,-0.0,1.5955658167000868,1.5955658167000868,0.0
2022-06-29,0.0,1.5955658167000868,1.5955658167000868,0.0
2022-06-30,-0.0,1.5955658167000868,1.5955658167000868,0.0
2022-07-01,0.0,1.5955658167000868,1.5955658167000868,0.0
2022-07-05,0.0,1.5955658167000868,1.5955658167000868,0.0
2022-07-06,0.0,1.5955658167000868,1.5955658167000868,0.0
2022-07-07,0.0,1.5955658167000868,1.5955658167000868,0.0
2022-07-08,0.0,1.5955658167000868,1.5955658167000868,0.0
2022-07-11,-0.0,1.5955658167000868,1.5955658167000868,0.0
2022-07-12,0.0,1.5955658167000868,1.5955658167000868,0.0
2022-07-13,-0.0,1.5955658167000868,1.5955658167000868,0.0
2022-07-14,0.0,1.5955658167000868,1.5955658167000868,0.0
2022-07-15,-0.005530284633843666,1.5867418835817042,1.5955658167000868,-0.005530284633843641
2022-07-18,0.015161395052882626,1.6107991041256415,1.6107991041256415,0.0
2022-07-19,0.0,1.6107991041256415,1.6107991041256415,0.0
2022-07-20,-0.007495008248286679,1.598726151553887,1.6107991041256415,-0.007495008248286639
2022-07-21,-0.009511136399041435,1.5835204490617434,1.6107991041256415,-0.016934858601566738
2022-07-22,-0.0015269266536495144,1.581102529481472,1.6107991041256415,-0.0184359269682417
2022-07-25,0.004050264352935606,1.5875064126949672,1.6107991041256415,-0.014460332993118885
2022-07-26,-0.006428044513457002,1.5773018508087655,1.6107991041256415,-0.02079542584241667
2022-07-27,0.0038534386091211154,1.5833798866589102,1.6107991041256415,-0.017022121130129908
2022-07-28,0.012688946666652542,1.6034713095937752,1.6107991041256415,-0.004549167250651021
2022-07-29,0.0,1.6034713095937752,1.6107991041256415,-0.004549167250651021
2022-08-01,-0.0,1.6034713095937752,1.6107991041256415,-0.004549167250651021
2022-08-02,0.002749925793156625,1.607880736706614,1.6107991041256415,-0.0018117513298542276
2022-08-03,-0.02238790576176149,1.5718836542970744,1.6107991041256415,-0.02415909577357933
2022-08-04,0.004306186365852294,1.5786524782579145,1.6107991041256415,-0.019956942976558478
2022-08-05,-9.728968811256668e-05,1.5784988916506668,1.6107991041256415,-0.02005229105991313
2022-08-08,-0.002313009492596485,1.5748478087302258,1.6107991041256415,-0.02231891941293973
2022-08-09,0.00372094220489625,1.5807077264080185,1.6107991041256415,-0.018681024617254738
2022-08-10,-0.012349528851631838,1.5611867307347453,1.6107991041256415,-0.030799851616397755
2022-08-11,0.00021497295449871522,1.5615223436587755,1.6107991041256415,-0.030591499796999155
2022-08-12,-0.011718679044972731,1.5432233644918847,1.6107991041256415,-0.04195168687434658
2022-08-15,-0.003288896626782548,1.5381478623740352,1.6107991041256415,-0.045102608739680305
2022-08-16,-0.000551552676652333,1.5372994928034558,1.6107991041256415,-0.04562928495175822
2022-08-17,-0.010286671531085027,1.5214857978760832,1.6107991041256415,-0.055446583016346085
2022-08-18,4.2724191545578504e-05,1.5215508021267454,1.6107991041256415,-0.05540622773523396
2022-08-19,0.007208401914694889,1.5325187518421015,1.6107991041256415,-0.048597216178631664
2022-08-22,0.006304862889694042,1.542181072448351,1.6107991041256415,-0.042598752073764734
2022-08-23,-0.0006581008082388548,1.541166161838122,1.6107991041256415,-0.043228818608833874
2022-08-24,-0.0031339459480506067,1.5363362303899568,1.6107991041256415,-0.0462272877759663
2022-08-25,-0.008600885593142383,1.5231223782397731,1.6107991041256415,-0.05443057775566629
2022-08-26,0.01571453202347024,1.5470575336282861,1.6107991041256415,-0.03957139678939359
2022-08-29,0.007612333227546889,1.5588342510964515,1.6107991041256415,-0.03226029422048704
2022-08-30,0.010450702390048182,1.575125163930074,1.6107991041256415,-0.022146734564352566
2022-08-31,0.007384820574677414,1.586757180648357,1.6107991041256415,-0.014925463650747983
2022-09-01,-0.007038256919712032,1.5755891759417557,1.6107991041256415,-0.0218586713226403
2022-09-02,0.004115565342529014,1.5820736161483255,1.6107991041256415,-0.017833066770240436
2022-09-06,0.0019629447304298922,1.5851791392162962,1.6107991041256415,-0.015905127364254534
2022-09-07,0.0016346197409425178,1.5877703043301894,1.6107991041256415,-0.014296506458483793
2022-09-08,0.010567056162768741,1.6045483623096228,1.6107991041256415,-0.0038805222823933283
2022-09-09,-0.005749096840741683,1.5953236583890513,1.6107991041256415,-0.009607309624740878
2022-09-12,-0.03378962405555885,1.5414182717251466,1.6107991041256415,-0.043072306299894336
2022-09-13,0.027356279567942295,1.5835857408975942,1.6107991041256415,-0.016894324784727965
2022-09-14,-0.009035554762901118,1.5692771652139648,1.6107991041256415,-0.025777229950854297
2022-09-15,0.0034789601285564395,1.5747366179023983,1.6107991041256415,-0.02238794777752151
2022-09-16,0.00947397594486446,1.589655634739903,1.6107991041256415,-0.013126074711356073
2022-09-19,-0.025594918341568892,1.54896852857752,1.6107991041256415,-0.03838503224254253
2022-09-20,-0.020488712125246007,1.5172321583044293,1.6107991041256415,-0.05808728449225298
2022-09-21,0.012043023196800404,1.5355042203818212,1.6107991041256415,-0.046743807810031734
2022-09-22,0.011215323688632671,1.552725397238665,1.6107991041256415,-0.03605273105642781
2022-09-23,0.007889190246407047,1.5649751432979089,1.6107991041256415,-0.028447967664227414
2022-09-26,-0.0033857198633702188,1.5596765758695645,1.6107991041256415,-0.03173737067840432
2022-09-27,-0.009061683385896427,1.5455432805546354,1.6107991041256415,-0.04051146005971218
2022-09-28,0.023882222602968413,1.5824542892233633,1.6107991041256415,-0.017596741163861118
2022-09-29,0.04068176244386182,1.6468313186958183,1.6468313186958183,0.0
2022-09-30,0.019003986706459364,1.6781276791840944,1.6781276791840944,0.0
2022-10-03,-0.011573460635308893,1.658705934548035,1.6781276791840944,-0.011573460635308841
2022-10-04,-0.006358791199509318,1.6481585698488572,1.6781276791840944,-0.017858658615182432
2022-10-05,-0.0013206197037064563,1.645981979166682,1.6781276791840944,-0.01915569382243998
2022-10-06,0.0011155480337518798,1.6478181511271326,1.6781276791840944,-0.01806151488526686
2022-10-07,0.007745846602600505,1.6605818977547442,1.6781276791840944,-0.010455570006378201
2022-10-10,-0.014492886075846513,1.6365152734909716,1.6781276791840944,-0.024796924697264244
2022-10-11,0.0007115983818353124,1.6376798151114365,1.6781276791840944,-0.024102971766918113
2022-10-12,0.005464426627182125,1.6466287962999302,1.6781276791840944,-0.018770254060453295
2022-10-13,-0.012186091497670932,1.6265628271255195,1.6781276791840944,-0.030727609524708988
2022-10-14,0.018424479943979867,1.6565314013115169,1.6781276791840944,-0.012869269806143557
2022-10-17,-0.0067625698084644095,1.6453289920702343,1.6781276791840944,-0.019544810279159996
2022-10-18,-0.0070828252237123395,1.633675414383894,1.6781276791840944,-0.026489203027634356
2022-10-19,-0.005590863097092664,1.6245417587969875,1.6781276791840944,-0.0319319686170485
2022-10-20,0.002472260786586294,1.6285580496834333,1.6781276791840944,-0.029538651984312603
2022-10-21,-0.012655911023619478,1.6079471639098404,1.6781276791840944,-0.041820724456661074
2022-10-24,-0.0027311044956926534,1.6035556921816498,1.6781276791840944,-0.044437612183777064
2022-10-25,-0.01148027282297629,1.585146435348568,1.6781276791840944,-0.05540772909528191
2022-10-26,-0.024331602310741343,1.5465772826793773,1.6781276791840944,-0.07839117257673556
2022-10-27,0.019209212588181417,1.5762858144864174,1.6781276791840944,-0.06068779268761759
2022-10-28,-0.05263709235219431,1.4933147124958421,1.6781276791840944,-0.11013045609146277
2022-10-31,0.00637661214339119,1.502837001225448,1.6781276791840944,-0.10445610315174159
2022-11-01,0.007823347926678834,1.5145942179631215,1.6781276791840944,-0.09744995166308379
2022-11-02,0.017154190056941278,1.540575855037205,1.6781276791840944,-0.08196743659801087
2022-11-03,0.027261715519392972,1.582574595733275,1.6781276791840944,-0.05694029401700662
2022-11-04,0.020934280046290908,1.615704655514501,1.6781276791840944,-0.037198018031585955
2022-11-07,0.012773884267126362,1.6363434797939005,1.6781276791840944,-0.024899296941761517
2022-11-08,-0.0016748868151288173,1.6336027896745717,1.6781276791840944,-0.02653248025273658
2022-11-09,0.022336398675338043,1.6700915928618874,1.6781276791840944,-0.004788721634169213
2022-11-10,-0.04210296244601343,1.5997757892462205,1.6781276791840944,-0.04669006471305481
2022-11-11,-0.009584877608312897,1.5844421341055532,1.6781276791840944,-0.05582742376556893
2022-11-14,-0.0033332923948143113,1.5791607251899158,1.6781276791840944,-0.05897462703332346
2022-11-15,-0.01087902148859279,1.561981001726633,1.6781276791840944,-0.06921206228713894
2022-11-16,0.009369986355169623,1.5766167423998458,1.6781276791840944,-0.060490592011212874
2022-11-17,-0.013089224738311773,1.5559800515323894,1.6781276791840944,-0.0727880417961363
2022-11-18,-0.004866018261645603,1.5484086241868766,1.6781276791840944,-0.07729987211717237
2022-11-21,0.023640499300337587,1.5850137771836033,1.6781276791840944,-0.055486780389536916
2022-11-22,-0.007646724438097807,1.5728936135988918,1.6781276791840944,-0.06270921270803864
2022-11-23,2.8133011337324806e-06,1.5728980386222784,1.6781276791840944,-0.06270657582680406
2022-11-25,0.01938670685708904,1.6033913518131386,1.6781276791840944,-0.044535542973281106
2022-11-28,0.013073161083920738,1.6243527452359572,1.6781276791840944,-0.032044602216609985
2022-11-29,0.01777819797639477,1.6532308099242623,1.6781276791840944,-0.014836099522496982
2022-11-30,-0.013484225938888955,1.630938272154111,1.6781276791840944,-0.02812027214337287
2022-12-01,0.0,1.630938272154111,1.6781276791840944,-0.02812027214337287
2022-12-02,-0.0,1.630938272154111,1.6781276791840944,-0.02812027214337287
2022-12-05,0.0,1.630938272154111,1.6781276791840944,-0.02812027214337287
2022-12-06,0.013802148985286459,1.6534487251721877,1.6781276791840944,-0.014706243343716063
2022-12-07,0.012041665266559597,1.6733590012561308,1.6781276791840944,-0.00284166573683009
2022-12-08,0.0,1.6733590012561308,1.6781276791840944,-0.00284166573683009
2022-12-09,0.0,1.6733590012561308,1.6781276791840944,-0.00284166573683009
2022-12-12,-0.0,1.6733590012561308,1.6781276791840944,-0.00284166573683009
2022-12-13,-0.0,1.6733590012561308,1.6781276791840944,-0.00284166573683009
2022-12-14,-0.0,1.6733590012561308,1.6781276791840944,-0.00284166573683009
2022-12-15,-0.0,1.6733590012561308,1.6781276791840944,-0.00284166573683009
2022-12-16,-0.0,1.6733590012561308,1.6781276791840944,-0.00284166573683009
2022-12-19,-0.0,1.6733590012561308,1.6781276791840944,-0.00284166573683009
2022-12-20,-0.0,1.6733590012561308,1.6781276791840944,-0.00284166573683009
2022-12-21,0.0,1.6733590012561308,1.6781276791840944,-0.00284166573683009
2022-12-22,-0.0,1.6733590012561308,1.6781276791840944,-0.00284166573683009
2022-12-23,-0.0,1.6733590012561308,1.6781276791840944,-0.00284166573683009
2022-12-27,-0.0,1.6733590012561308,1.6781276791840944,-0.00284166573683009
2022-12-28,-0.0,1.6733590012561308,1.6781276791840944,-0.00284166573683009
2022-12-29,0.0,1.6733590012561308,1.6781276791840944,-0.00284166573683009
2022-12-30,0.0,1.6733590012561308,1.6781276791840944,-0.00284166573683009
2023-01-03,-0.0,1.6733590012561308,1.6781276791840944,-0.00284166573683009
2023-01-04,0.0,1.6733590012561308,1.6781276791840944,-0.00284166573683009
2023-01-05,0.0,1.6733590012561308,1.6781276791840944,-0.00284166573683009
2023-01-06,0.0,1.6733590012561308,1.6781276791840944,-0.00284166573683009
2023-01-09,-0.0,1.6733590012561308,1.6781276791840944,-0.00284166573683009
2023-01-10,0.0,1.6733590012561308,1.6781276791840944,-0.00284166573683009
2023-01-11,0.0,1.6733590012561308,1.6781276791840944,-0.00284166573683009
2023-01-12,-0.0,1.6733590012561308,1.6781276791840944,-0.00284166573683009
2023-01-13,0.0,1.6733590012561308,1.6781276791840944,-0.00284166573683009
2023-01-17,0.0,1.6733590012561308,1.6781276791840944,-0.00284166573683009
2023-01-18,0.0,1.6733590012561308,1.6781276791840944,-0.00284166573683009
2023-01-19,0.0,1.6733590012561308,1.6781276791840944,-0.00284166573683009
2023-01-20,-0.0,1.6733590012561308,1.6781276791840944,-0.00284166573683009
2023-01-23,0.0,1.6733590012561308,1.6781276791840944,-0.00284166573683009
2023-01-24,0.0,1.6733590012561308,1.6781276791840944,-0.00284166573683009
2023-01-25,0.0013345083012710002,1.6755921127343136,1.6781276791840944,-0.0015109496620743235
2023-01-26,0.0026953378299277887,1.6801083995432948,1.6801083995432948,0.0
2023-01-27,0.0,1.6801083995432948,1.6801083995432948,0.0
2023-01-30,0.007565702586655738,1.6928196000075817,1.6928196000075817,0.0
2023-01-31,0.002950801587474643,1.6978147747705923,1.6978147747705923,0.0
2023-02-01,-0.0,1.6978147747705923,1.6978147747705923,0.0
2023-02-02,0.0,1.6978147747705923,1.6978147747705923,0.0
2023-02-03,0.0,1.6978147747705923,1.6978147747705923,0.0
2023-02-06,0.014444427814827335,1.7223387377277133,1.7223387377277133,0.0
2023-02-07,0.004697304704326638,1.7304290875828856,1.7304290875828856,0.0
2023-02-08,-0.0,1.7304290875828856,1.7304290875828856,0.0
2023-02-09,-0.0,1.7304290875828856,1.7304290875828856,0.0
2023-02-10,0.0,1.7304290875828856,1.7304290875828856,0.0
2023-02-13,0.0,1.7304290875828856,1.7304290875828856,0.0
2023-02-14,-0.0,1.7304290875828856,1.7304290875828856,0.0
2023-02-15,0.0,1.7304290875828856,1.7304290875828856,0.0
2023-02-16,0.0,1.7304290875828856,1.7304290875828856,0.0
2023-02-17,-0.0013425533400072878,1.7281058942317054,1.7304290875828856,-0.0013425533400073242
2023-02-21,0.014780140644711998,1.7536475423974056,1.7536475423974056,0.0
2023-02-22,-0.0055116750350700135,1.743982007017662,1.7536475423974056,-0.005511675035069996
2023-02-23,0.004094250889197354,1.7511223069006383,1.7536475423974056,-0.0014399903262859448
2023-02-24,0.005593833183030394,1.7609177929685236,1.7609177929685236,0.0
2023-02-27,-0.006098489220312246,1.750178854790249,1.7609177929685236,-0.006098489220312198
2023-02-28,0.0017623314662782894,1.7532632500576608,1.7609177929685236,-0.0043469053134836955
2023-03-01,0.007050482378507215,1.7656246017070765,1.7656246017070765,0.0
2023-03-02,0.00706805397514983,1.7781041316917945,1.7781041316917945,0.0
2023-03-03,0.0,1.7781041316917945,1.7781041316917945,0.0
2023-03-06,-0.015013100803058435,1.751409275124371,1.7781041316917945,-0.015013100803058288
2023-03-07,0.008463489167168041,1.7662323085516638,1.7781041316917945,-0.006676674851902598
2023-03-08,-0.009386206982068988,1.7496540865251804,1.7781041316917945,-0.016000213181859624
2023-03-09,0.011815600433113251,1.770327300107726,1.7781041316917945,-0.004373664874547711
2023-03-10,0.005456173204927903,1.779986512486526,1.779986512486526,0.0
2023-03-13,-0.0010499321955642661,1.7781176473393963,1.779986512486526,-0.0010499321955642626
2023-03-14,0.0013254371973149895,1.7804744306103821,1.7804744306103821,0.0
2023-03-15,0.007537337445975846,1.7938944672078245,1.7938944672078245,0.0
2023-03-16,-0.0,1.7938944672078245,1.7938944672078245,0.0
2023-03-17,-0.0,1.7938944672078245,1.7938944672078245,0.0
2023-03-20,0.0,1.7938944672078245,1.7938944672078245,0.0
2023-03-21,0.0,1.7938944672078245,1.7938944672078245,0.0
2023-03-22,0.006002641181425919,1.8046625720118186,1.8046625720118186,0.0
2023-03-23,-0.0,1.8046625720118186,1.8046625720118186,0.0
2023-03-24,0.0,1.8046625720118186,1.8046625720118186,0.0
2023-03-27,-0.0,1.8046625720118186,1.8046625720118186,0.0
2023-03-28,-0.0,1.8046625720118186,1.8046625720118186,0.0
2023-03-29,0.0,1.8046625720118186,1.8046625720118186,0.0
2023-03-30,0.0,1.8046625720118186,1.8046625720118186,0.0
2023-03-31,0.0,1.8046625720118186,1.8046625720118186,0.0
2023-04-03,0.0,1.8046625720118186,1.8046625720118186,0.0
2023-04-04,-0.0,1.8046625720118186,1.8046625720118186,0.0
2023-04-05,-0.0,1.8046625720118186,1.8046625720118186,0.0
2023-04-06,-0.0,1.8046625720118186,1.8046625720118186,0.0
2023-04-10,-0.0,1.8046625720118186,1.8046625720118186,0.0
2023-04-11,0.0,1.8046625720118186,1.8046625720118186,0.0
2023-04-12,-0.0,1.8046625720118186,1.8046625720118186,0.0
2023-04-13,0.0,1.8046625720118186,1.8046625720118186,0.0
2023-04-14,0.0,1.8046625720118186,1.8046625720118186,0.0
2023-04-17,-0.0,1.8046625720118186,1.8046625720118186,0.0
2023-04-18,0.0,1.8046625720118186,1.8046625720118186,0.0
2023-04-19,0.0,1.8046625720118186,1.8046625720118186,0.0
2023-04-20,0.0012245406859257386,1.8068724547556143,1.8068724547556143,0.0
2023-04-21,0.00908376798484124,1.8232856649128149,1.8232856649128149,0.0
2023-04-24,0.0,1.8232856649128149,1.8232856649128149,0.0
2023-04-25,-0.00340418008103675,1.8170788721702789,1.8232856649128149,-0.0034041800810367118
2023-04-26,0.04133025180721953,1.8921791995106552,1.8921791995106552,0.0
2023-04-27,0.0,1.8921791995106552,1.8921791995106552,0.0
2023-04-28,0.0,1.8921791995106552,1.8921791995106552,0.0
2023-05-01,0.0,1.8921791995106552,1.8921791995106552,0.0
2023-05-02,-0.0,1.8921791995106552,1.8921791995106552,0.0
2023-05-03,-0.0,1.8921791995106552,1.8921791995106552,0.0
2023-05-04,-0.0,1.8921791995106552,1.8921791995106552,0.0
2023-05-05,0.0,1.8921791995106552,1.8921791995106552,0.0
2023-05-08,0.0,1.8921791995106552,1.8921791995106552,0.0
2023-05-09,-0.0,1.8921791995106552,1.8921791995106552,0.0
2023-05-10,0.0,1.8921791995106552,1.8921791995106552,0.0
2023-05-11,0.0,1.8921791995106552,1.8921791995106552,0.0
2023-05-12,-0.0,1.8921791995106552,1.8921791995106552,0.0
2023-05-15,-0.0,1.8921791995106552,1.8921791995106552,0.0
2023-05-16,-0.0,1.8921791995106552,1.8921791995106552,0.0
2023-05-17,-0.0,1.8921791995106552,1.8921791995106552,0.0
2023-05-18,0.0,1.8921791995106552,1.8921791995106552,0.0
2023-05-19,0.0,1.8921791995106552,1.8921791995106552,0.0
2023-05-22,-0.0,1.8921791995106552,1.8921791995106552,0.0
2023-05-23,-0.0,1.8921791995106552,1.8921791995106552,0.0
2023-05-24,0.0,1.8921791995106552,1.8921791995106552,0.0
2023-05-25,-0.0,1.8921791995106552,1.8921791995106552,0.0
2023-05-26,0.0,1.8921791995106552,1.8921791995106552,0.0
2023-05-30,0.0,1.8921791995106552,1.8921791995106552,0.0
2023-05-31,0.0,1.8921791995106552,1.8921791995106552,0.0
2023-06-01,0.0,1.8921791995106552,1.8921791995106552,0.0
2023-06-02,-0.0,1.8921791995106552,1.8921791995106552,0.0
2023-06-05,-0.0,1.8921791995106552,1.8921791995106552,0.0
2023-06-06,0.0,1.8921791995106552,1.8921791995106552,0.0
2023-06-07,0.0,1.8921791995106552,1.8921791995106552,0.0
2023-06-08,0.0,1.8921791995106552,1.8921791995106552,0.0
2023-06-09,-0.0,1.8921791995106552,1.8921791995106552,0.0
2023-06-12,0.0,1.8921791995106552,1.8921791995106552,0.0
2023-06-13,-0.0,1.8921791995106552,1.8921791995106552,0.0
2023-06-14,-0.0,1.8921791995106552,1.8921791995106552,0.0
2023-06-15,-0.0,1.8921791995106552,1.8921791995106552,0.0
2023-06-16,0.0,1.8921791995106552,1.8921791995106552,0.0
2023-06-20,0.0,1.8921791995106552,1.8921791995106552,0.0
2023-06-21,0.0,1.8921791995106552,1.8921791995106552,0.0
2023-06-22,0.0,1.8921791995106552,1.8921791995106552,0.0
2023-06-23,0.0,1.8921791995106552,1.8921791995106552,0.0
2023-06-26,0.0,1.8921791995106552,1.8921791995106552,0.0
2023-06-27,0.0,1.8921791995106552,1.8921791995106552,0.0
2023-06-28,0.0,1.8921791995106552,1.8921791995106552,0.0
2023-06-29,0.0,1.8921791995106552,1.8921791995106552,0.0
2023-06-30,0.0,1.8921791995106552,1.8921791995106552,0.0
2023-07-03,-0.0,1.8921791995106552,1.8921791995106552,0.0
2023-07-05,-0.0,1.8921791995106552,1.8921791995106552,0.0
2023-07-06,-0.0,1.8921791995106552,1.8921791995106552,0.0
2023-07-07,0.0,1.8921791995106552,1.8921791995106552,0.0
2023-07-10,-0.0,1.8921791995106552,1.8921791995106552,0.0
2023-07-11,-0.0,1.8921791995106552,1.8921791995106552,0.0
2023-07-12,0.0,1.8921791995106552,1.8921791995106552,0.0
2023-07-13,-0.0,1.8921791995106552,1.8921791995106552,0.0
2023-07-14,-0.0,1.8921791995106552,1.8921791995106552,0.0
2023-07-17,0.0,1.8921791995106552,1.8921791995106552,0.0
2023-07-18,-0.0,1.8921791995106552,1.8921791995106552,0.0
2023-07-19,0.0,1.8921791995106552,1.8921791995106552,0.0
2023-07-20,0.0,1.8921791995106552,1.8921791995106552,0.0
2023-07-21,-0.0,1.8921791995106552,1.8921791995106552,0.0
2023-07-24,0.0,1.8921791995106552,1.8921791995106552,0.0
2023-07-25,-0.0,1.8921791995106552,1.8921791995106552,0.0
2023-07-26,0.0,1.8921791995106552,1.8921791995106552,0.0
2023-07-27,0.0,1.8921791995106552,1.8921791995106552,0.0
2023-07-28,-0.0003291851164956977,1.8915563222804335,1.8921791995106552,-0.0003291851164957116
2023-07-31,0.0,1.8915563222804335,1.8921791995106552,-0.0003291851164957116
2023-08-01,0.004988152494738967,1.900991693668356,1.900991693668356,0.0
2023-08-02,0.0005154957979827401,1.901971646898442,1.901971646898442,0.0
2023-08-03,0.005860252854205306,1.9131176816707962,1.9131176816707962,0.0
2023-08-04,0.04997374877654015,2.0087233440745695,2.0087233440745695,0.0
2023-08-07,-0.0,2.0087233440745695,2.0087233440745695,0.0
2023-08-08,0.0,2.0087233440745695,2.0087233440745695,0.0
2023-08-09,-0.0,2.0087233440745695,2.0087233440745695,0.0
2023-08-10,-0.0,2.0087233440745695,2.0087233440745695,0.0
2023-08-11,0.0,2.0087233440745695,2.0087233440745695,0.0
2023-08-14,0.0,2.0087233440745695,2.0087233440745695,0.0
2023-08-15,-0.0,2.0087233440745695,2.0087233440745695,0.0
2023-08-16,-0.0,2.0087233440745695,2.0087233440745695,0.0
2023-08-17,-0.0,2.0087233440745695,2.0087233440745695,0.0
2023-08-18,0.0,2.0087233440745695,2.0087233440745695,0.0
2023-08-21,-0.0,2.0087233440745695,2.0087233440745695,0.0
2023-08-22,0.0,2.0087233440745695,2.0087233440745695,0.0
2023-08-23,0.0,2.0087233440745695,2.0087233440745695,0.0
2023-08-24,-0.0,2.0087233440745695,2.0087233440745695,0.0
2023-08-25,0.0,2.0087233440745695,2.0087233440745695,0.0
2023-08-28,0.0,2.0087233440745695,2.0087233440745695,0.0
2023-08-29,0.0,2.0087233440745695,2.0087233440745695,0.0
2023-08-30,0.0,2.0087233440745695,2.0087233440745695,0.0
2023-08-31,0.0,2.0087233440745695,2.0087233440745695,0.0
2023-09-01,0.0,2.0087233440745695,2.0087233440745695,0.0
2023-09-05,-0.0,2.0087233440745695,2.0087233440745695,0.0
2023-09-06,-0.0,2.0087233440745695,2.0087233440745695,0.0
2023-09-07,-0.0,2.0087233440745695,2.0087233440745695,0.0
2023-09-08,-0.0,2.0087233440745695,2.0087233440745695,0.0
2023-09-11,0.0,2.0087233440745695,2.0087233440745695,0.0
2023-09-12,-0.0,2.0087233440745695,2.0087233440745695,0.0
2023-09-13,-0.0,2.0087233440745695,2.0087233440745695,0.0
2023-09-14,0.0,2.0087233440745695,2.0087233440745695,0.0
2023-09-15,0.0,2.0087233440745695,2.0087233440745695,0.0
2023-09-18,0.0,2.0087233440745695,2.0087233440745695,0.0
2023-09-19,0.0,2.0087233440745695,2.0087233440745695,0.0
2023-09-20,-0.0,2.0087233440745695,2.0087233440745695,0.0
2023-09-21,-0.0,2.0087233440745695,2.0087233440745695,0.0
2023-09-22,0.0,2.0087233440745695,2.0087233440745695,0.0
2023-09-25,0.0,2.0087233440745695,2.0087233440745695,0.0
2023-09-26,-0.0,2.0087233440745695,2.0087233440745695,0.0
2023-09-27,-0.0,2.0087233440745695,2.0087233440745695,0.0
2023-09-28,-0.0,2.0087233440745695,2.0087233440745695,0.0
2023-09-29,-0.0,2.0087233440745695,2.0087233440745695,0.0
2023-10-02,0.0,2.0087233440745695,2.0087233440745695,0.0
2023-10-03,0.0,2.0087233440745695,2.0087233440745695,0.0
2023-10-04,-0.0,2.0087233440745695,2.0087233440745695,0.0
2023-10-05,0.0,2.0087233440745695,2.0087233440745695,0.0
2023-10-06,0.0,2.0087233440745695,2.0087233440745695,0.0
2023-10-09,0.0,2.0087233440745695,2.0087233440745695,0.0
2023-10-10,-0.0,2.0087233440745695,2.0087233440745695,0.0
2023-10-11,0.0,2.0087233440745695,2.0087233440745695,0.0
2023-10-12,0.0,2.0087233440745695,2.0087233440745695,0.0
2023-10-13,-0.0,2.0087233440745695,2.0087233440745695,0.0
2023-10-16,-0.0,2.0087233440745695,2.0087233440745695,0.0
2023-10-17,-0.0,2.0087233440745695,2.0087233440745695,0.0
2023-10-18,-0.0,2.0087233440745695,2.0087233440745695,0.0
2023-10-19,-0.0,2.0087233440745695,2.0087233440745695,0.0
2023-10-20,-0.0,2.0087233440745695,2.0087233440745695,0.0
2023-10-23,-0.0,2.0087233440745695,2.0087233440745695,0.0
2023-10-24,0.0,2.0087233440745695,2.0087233440745695,0.0
2023-10-25,-0.0,2.0087233440745695,2.0087233440745695,0.0
2023-10-26,-0.003232276713870441,2.0022305943849092,2.0087233440745695,-0.0032322767138704966
2023-10-27,0.00463333173935913,2.011507592947389,2.011507592947389,0.0
2023-10-30,-0.0,2.011507592947389,2.011507592947389,0.0
2023-10-31,0.0014673843113872111,2.014459247631516,2.014459247631516,0.0
2023-11-01,0.005325462472168904,2.0251871747564913,2.0251871747564913,0.0
2023-11-02,0.016989134326298422,2.059593351704326,2.059593351704326,0.0
2023-11-03,-0.012509100260556794,2.0338296919718806,2.059593351704326,-0.012509100260556738
2023-11-06,0.00858167529869953,2.0512833580012373,2.059593351704326,-0.004034773998572216
2023-11-07,0.00805869834471178,2.0678140318028966,2.0678140318028966,0.0
2023-11-08,0.0016654589229810161,2.071257891133228,2.071257891133228,0.0
2023-11-09,0.0013127761195242567,2.0739769890300837,2.0739769890300837,0.0
2023-11-10,0.009035444646257308,2.092716293312076,2.092716293312076,0.0
2023-11-13,-0.003975391439069878,2.0843969268752414,2.092716293312076,-0.003975391439069886
2023-11-14,0.008707612778401451,2.102547048190961,2.102547048190961,0.0
2023-11-15,0.002809647492993786,2.108454464233812,2.108454464233812,0.0
2023-11-16,-0.0009757100074176128,2.1063972241128748,2.108454464233812,-0.0009757100074175851
2023-11-17,0.00946671629100336,2.1263378890297084,2.1263378890297084,0.0
2023-11-20,-0.002413898745650605,2.12120512466655,2.1263378890297084,-0.0024138987456506777
2023-11-21,0.0023656529151024515,2.126223159753248,2.1263378890297084,-5.395627715254481e-05
2023-11-22,-0.0037854069674856635,2.1181745397898886,2.1263378890297084,-0.0038391589981707774
2023-11-24,-0.006371034917840919,2.1046795758348056,2.1263378890297084,-0.010185734499979171
2023-11-27,-0.002728778816283057,2.098936370793204,2.1263378890297084,-0.01288671869973046
2023-11-28,-0.002940676392629602,2.0927640781579804,2.1263378890297084,-0.01578949942290142
2023-11-29,0.0003219725146749496,2.0934378906708466,2.1263378890297084,-0.01547261069306105
2023-11-30,0.002972533432746244,2.099660704790243,2.1263378890297084,-0.012546070112891883
2023-12-01,0.013407292031410303,2.1278114690262426,2.1278114690262426,0.0
2023-12-04,-0.0012951841169878669,2.125055561407615,2.1278114690262426,-0.0012951841169879241
2023-12-05,0.015846487343157932,2.158730227464968,2.158730227464968,0.0
2023-12-06,0.0,2.158730227464968,2.158730227464968,0.0
2023-12-07,0.0,2.158730227464968,2.158730227464968,0.0
2023-12-08,0.0,2.158730227464968,2.158730227464968,0.0
2023-12-11,-0.0,2.158730227464968,2.158730227464968,0.0
2023-12-12,0.0,2.158730227464968,2.158730227464968,0.0
2023-12-13,0.0,2.158730227464968,2.158730227464968,0.0
2023-12-14,0.0,2.158730227464968,2.158730227464968,0.0
2023-12-15,-0.0,2.158730227464968,2.158730227464968,0.0
2023-12-18,-0.0,2.158730227464968,2.158730227464968,0.0
2023-12-19,0.0,2.158730227464968,2.158730227464968,0.0
2023-12-20,-0.0,2.158730227464968,2.158730227464968,0.0
2023-12-21,-0.0,2.158730227464968,2.158730227464968,0.0
2023-12-22,-0.0,2.158730227464968,2.158730227464968,0.0
2023-12-26,-0.0029627192587497824,2.152334515845612,2.158730227464968,-0.002962719258749802
2023-12-27,0.001415123838602652,2.1553803357276324,2.158730227464968,-0.0015517880347973856
2023-12-28,0.0003834622892996628,2.1562068428054824,2.158730227464968,-0.0011689207976899318
2023-12-29,-0.006578072338362735,2.142023158217035,2.158730227464968,-0.007739303890487714
