total_value,cash,positions,total_return,total_trades,win_rate,sharpe_ratio,max_drawdown,volatility,date
9990.5,490.5,1,-0.00095,0,0.0,0.0,0.0,0.0,2023-03-27
9971.409388741478,490.5,1,-0.0028590611258521676,0,0.0,-17.19315049354565,0.001910876458487731,0.015167111685979128,2023-03-28
9812.739216545519,490.5,1,-0.01872607834544815,0,0.0,-13.472556058149584,0.01779298167804229,0.11261149178834037,2023-03-29
9643.361396524608,490.5,1,-0.03566386034753923,0,0.0,-17.87654194532104,0.03474686987391945,0.12476223355378156,2023-03-30
9761.99058134113,9761.99058134113,0,-0.023800941865887035,1,0.0,-6.705121900655341,0.03474686987391945,0.17423263501789002,2023-03-31
9761.99058134113,9761.99058134113,0,-0.023800941865887035,1,0.0,-6.055511288159379,0.03474686987391945,0.16132013206430917,2023-04-03
9761.99058134113,9761.99058134113,0,-0.023800941865887035,1,0.0,-5.570169693639629,0.03474686987391945,0.15083549919371148,2023-04-04
9761.99058134113,9761.99058134113,0,-0.023800941865887035,1,0.0,-5.1902133438734985,0.03474686987391945,0.14212458364795658,2023-04-05
9761.99058134113,9761.99058134113,0,-0.023800941865887035,1,0.0,-4.8825953574931305,0.03474686987391945,0.13474744590610208,2023-04-06
9761.99058134113,9761.99058134113,0,-0.023800941865887035,1,0.0,-4.627151205094887,0.03474686987391945,0.12839985167968765,2023-04-07
9761.99058134113,9761.99058134113,0,-0.023800941865887035,1,0.0,-4.410788993558398,0.03474686987391945,0.12286516071558023,2023-04-10
9752.716690288855,478.82563801478136,1,-0.02472833097111452,1,0.0,-4.402922482200531,0.03474686987391945,0.11773723985762977,2023-04-11
9747.443757146892,9747.443757146892,0,-0.025255624285310842,2,0.0,-4.33019466226883,0.03474686987391945,0.11328150099682435,2023-04-12
9747.443757146892,9747.443757146892,0,-0.025255624285310842,2,0.0,-4.175569531440955,0.03474686987391945,0.10942737125329735,2023-04-13
9747.443757146892,9747.443757146892,0,-0.025255624285310842,2,0.0,-4.038089194994571,0.03474686987391945,0.10593958433454688,2023-04-14
9738.183685577602,478.1121162880554,1,-0.026181631442239815,2,0.0,-4.066643319450005,0.03474686987391945,0.10260769506176215,2023-04-17
9760.503552979986,478.1121162880554,1,-0.023949644702001387,2,0.0,-3.5782310492249105,0.03474686987391945,0.10058732376635161,2023-04-18
9725.567479967081,478.1121162880554,1,-0.027443252003291854,2,0.0,-3.987704052409014,0.03474686987391945,0.09808917845795403,2023-04-19
9748.605927357357,478.1121162880554,1,-0.025139407264264266,2,0.0,-3.527586447490338,0.03474686987391945,0.09643927789709257,2023-04-20
9463.30345655564,478.1121162880554,1,-0.053669654344435914,2,0.0,-5.134028826923845,0.05276978564079467,0.13496988836053517,2023-04-21
9483.66463863251,478.1121162880554,1,-0.05163353613674899,2,0.0,-4.785004614296352,0.05276978564079467,0.13272201356252425,2023-04-05
9535.62760049227,9535.62760049227,0,-0.04643723995077308,3,0.0,-4.114908369750825,0.05276978564079467,0.1322886435522792,2023-04-06
9535.62760049227,9535.62760049227,0,-0.04643723995077308,3,0.0,-4.0257282116227655,0.05276978564079467,0.12955608217171374,2023-04-07
9535.62760049227,9535.62760049227,0,-0.04643723995077308,3,0.0,-3.942655037966814,0.05276978564079467,0.12698532787516892,2023-04-10
9535.62760049227,9535.62760049227,0,-0.04643723995077308,3,0.0,-3.8650346600285097,0.05276978564079467,0.12456110005066684,2023-04-11
9535.62760049227,9535.62760049227,0,-0.04643723995077308,3,0.0,-3.7923067291183705,0.05276978564079467,0.12227005361741498,2023-04-12
9535.62760049227,9535.62760049227,0,-0.04643723995077308,3,0.0,-3.723988124151241,0.05276978564079467,0.1201004767339509,2023-04-13
9535.62760049227,9535.62760049227,0,-0.04643723995077308,3,0.0,-3.6596597964613014,0.05276978564079467,0.1180420438882411,2023-04-14
9535.62760049227,9535.62760049227,0,-0.04643723995077308,3,0.0,-3.5989562526889487,0.05276978564079467,0.11608561285459246,2023-04-17
9535.62760049227,9535.62760049227,0,-0.04643723995077308,3,0.0,-3.5415570726178727,0.05276978564079467,0.1142230566559529,2023-04-18
9535.62760049227,9535.62760049227,0,-0.04643723995077308,3,0.0,-3.48718001252338,0.05276978564079467,0.1124471236581301,2023-04-19
9535.62760049227,9535.62760049227,0,-0.04643723995077308,3,0.0,-3.4355753553540453,0.05276978564079467,0.1107513204238729,2023-04-20
9535.62760049227,9535.62760049227,0,-0.04643723995077308,3,0.0,-3.386521249879361,0.05276978564079467,0.10912981309773373,2023-04-21
9535.62760049227,9535.62760049227,0,-0.04643723995077308,3,0.0,-3.3398198405686657,0.05276978564079467,0.10757734396938656,2023-04-24
9535.62760049227,9535.62760049227,0,-0.04643723995077308,3,0.0,-3.295294034438706,0.05276978564079467,0.10608916054056478,2023-04-25
9535.62760049227,9535.62760049227,0,-0.04643723995077308,3,0.0,-3.252784784601042,0.05276978564079467,0.10466095494797914,2023-04-26
9535.62760049227,9535.62760049227,0,-0.04643723995077308,3,0.0,-3.212148795699715,0.05276978564079467,0.10328881200757811,2023-04-27
9535.62760049227,9535.62760049227,0,-0.04643723995077308,3,0.0,-3.1732565759488605,0.05276978564079467,0.10196916447113617,2023-04-28
9535.62760049227,9535.62760049227,0,-0.04643723995077308,3,0.0,-3.1359907755669054,0.05276978564079467,0.10069875434446651,2023-05-01
9535.62760049227,9535.62760049227,0,-0.04643723995077308,3,0.0,-3.100244763154021,0.05276978564079467,0.0994745993226666,2023-05-02
9526.568754271802,467.7225338041462,1,-0.047343124572819764,3,0.0,-3.1265593866223296,0.05276978564079467,0.09825515938069855,2023-04-14
9645.70073427378,9645.70073427378,0,-0.03542992657262203,4,0.25,-2.197466035015163,0.05276978564079467,0.10254132195355126,2023-04-17
9645.70073427378,9645.70073427378,0,-0.03542992657262203,4,0.25,-2.1759508144569604,0.05276978564079467,0.10136071527888527,2023-04-18
9645.70073427378,9645.70073427378,0,-0.03542992657262203,4,0.25,-2.155237810677347,0.05276978564079467,0.10021995742411016,2023-04-19
9645.70073427378,9645.70073427378,0,-0.03542992657262203,4,0.25,-2.1352809309992296,0.05276978564079467,0.09911685669117595,2023-04-20
9645.70073427378,9645.70073427378,0,-0.03542992657262203,4,0.25,-2.116037680843209,0.05276978564079467,0.09804938646187068,2023-04-21
9645.70073427378,9645.70073427378,0,-0.03542992657262203,4,0.25,-2.097468811313356,0.05276978564079467,0.09701566955279309,2023-04-24
9645.70073427378,9645.70073427378,0,-0.03542992657262203,4,0.25,-2.0795380080286607,0.05276978564079467,0.0960139643446331,2023-04-25
9645.70073427378,9645.70073427378,0,-0.03542992657262203,4,0.25,-2.0622116156170995,0.05276978564079467,0.0950426524528235,2023-04-26
9645.70073427378,9645.70073427378,0,-0.03542992657262203,4,0.25,-2.0454583931432113,0.05276978564079467,0.09410022774120053,2023-04-27
9645.70073427378,9645.70073427378,0,-0.03542992657262203,4,0.25,-2.0292492964489575,0.05276978564079467,0.09318528650918739,2023-04-28
9636.53731857622,473.1216210161292,1,-0.03634626814237799,4,0.25,-2.063652743763723,0.05276978564079467,0.0922869287277853,2023-05-01
9780.28888714703,473.1216210161292,1,-0.021971111285297048,4,0.25,-1.1938523334510127,0.05276978564079467,0.09741942556920967,2023-05-02
9829.585355055078,9829.585355055078,0,-0.017041464494492176,5,0.4,-0.9361246791529056,0.05276978564079467,0.09720839193325008,2023-05-03
9829.585355055078,9829.585355055078,0,-0.017041464494492176,5,0.4,-0.9313327633779304,0.05276978564079467,0.0963224790873737,2023-05-04
9829.585355055078,9829.585355055078,0,-0.017041464494492176,5,0.4,-0.9267039766146709,0.05276978564079467,0.09546035425637792,2023-05-05
9829.585355055078,9829.585355055078,0,-0.017041464494492176,5,0.4,-0.9222308181731442,0.05276978564079467,0.0946209715843397,2023-05-08
9829.585355055078,9829.585355055078,0,-0.017041464494492176,5,0.4,-0.9179062506750693,0.05276978564079467,0.09380334847770046,2023-05-09
9829.585355055078,9829.585355055078,0,-0.017041464494492176,5,0.4,-0.9137236641620919,0.05276978564079467,0.09300656076883641,2023-05-10
9829.585355055078,9829.585355055078,0,-0.017041464494492176,5,0.4,-0.9096768435339634,0.05276978564079467,0.09222973832399506,2023-05-11
9820.247248967777,482.1411616654532,1,-0.01797527510322234,5,0.4,-0.9485678353000079,0.05276978564079467,0.09148140529963796,2023-04-25
10041.136506651292,10041.136506651292,0,0.004113650665129171,6,0.5,0.05639510790307279,0.05276978564079467,0.10151391979647387,2023-04-26
10031.597426969973,492.5177456512465,1,0.003159742696997273,6,0.5,0.015056161515335838,0.05276978564079467,0.10072666238169313,2023-04-27
9918.095355617743,492.5177456512465,1,-0.008190464438225718,6,0.5,-0.4234316183353193,0.05276978564079467,0.10242577398674743,2023-04-28
9852.22118736079,492.5177456512465,1,-0.014777881263920972,6,0.5,-0.6712467157983668,0.05276978564079467,0.10243711826404252,2023-05-01
9999.052030303079,492.5177456512465,1,-9.479696969210636e-05,6,0.5,-0.10509728534485074,0.05276978564079467,0.1057894348658441,2023-05-02
10058.970921431222,492.5177456512465,1,0.0058970921431222454,6,0.5,0.1068728494566702,0.05276978564079467,0.10562128137688387,2023-05-03
9987.877027483717,492.5177456512465,1,-0.0012122972516282972,6,0.5,-0.14530331822952763,0.05276978564079467,0.1057386347168335,2023-05-04
10075.789274187691,492.5177456512465,1,0.007578927418769126,6,0.5,0.15726433066697804,0.05276978564079467,0.10628406033408995,2023-05-05
10100.714356420562,492.5177456512465,1,0.010071435642056167,6,0.5,0.2376191543815406,0.05276978564079467,0.10561325024006492,2023-05-08
10259.704745653898,492.5177456512465,1,0.02597047456538985,6,0.5,0.7380928831942509,0.05276978564079467,0.10883224237577463,2023-05-09
10160.250427130273,492.5177456512465,1,0.016025042713027324,6,0.5,0.41031807596339015,0.05276978564079467,0.10968799428544419,2023-05-10
10119.73274320527,492.5177456512465,1,0.01197327432052698,6,0.5,0.27789230742363197,0.05276978564079467,0.10921547281825787,2023-05-11
10059.891816205227,10059.891816205227,0,0.005989181620522686,7,0.5714285714285714,0.08741303180196937,0.05276978564079467,0.10905214358512122,2023-05-12
10059.891816205227,10059.891816205227,0,0.005989181620522686,7,0.5714285714285714,0.08436637866922081,0.05276978564079467,0.10832289978736322,2023-05-15
10050.334918979832,493.4376935848668,1,0.005033491897983185,7,0.5714285714285714,0.052082670350945826,0.05276978564079467,0.10762515322681615,2023-05-16
10090.734175875736,10090.734175875736,0,0.009073417587573566,8,0.625,0.17197625100969202,0.05276978564079467,0.10715564000754599,2023-05-17
10090.734175875736,10090.734175875736,0,0.009073417587573566,8,0.625,0.16846136687641153,0.05276978564079467,0.10646687736899361,2023-05-18
10090.734175875736,10090.734175875736,0,0.009073417587573566,8,0.625,0.16499816820690605,0.05276978564079467,0.10579122768989724,2023-05-19
10090.734175875736,10090.734175875736,0,0.009073417587573566,8,0.625,0.1615851299045089,0.05276978564079467,0.10512828009895846,2023-05-22
10090.734175875736,10090.734175875736,0,0.009073417587573566,8,0.625,0.15822079122610383,0.05276978564079467,0.10447764152538092,2023-05-04
10090.734175875736,10090.734175875736,0,0.009073417587573566,8,0.625,0.15490375229248152,0.05276978564079467,0.10383893571946383,2023-05-05
10081.147978408653,494.9505113267023,1,0.008114797840865322,8,0.625,0.12366641286484074,0.05276978564079467,0.10322886873191316,2023-05-08
10230.029515832199,10230.029515832199,0,0.023002951583219872,9,0.6666666666666666,0.5364335163521562,0.05276978564079467,0.10566231796245608,2023-05-09
10230.029515832199,10230.029515832199,0,0.023002951583219872,9,0.6666666666666666,0.5310220953239082,0.05276978564079467,0.10504022732705763,2023-05-10
10220.310987792158,501.78294775156974,1,0.02203109877921579,9,0.6666666666666666,0.4989382161379018,0.05276978564079467,0.10444943187778041,2023-05-11
10159.902476385723,10159.902476385723,0,0.015990247638572326,10,0.6,0.3273227803469933,0.05276978564079467,0.10437545297896031,2023-05-12
10159.902476385723,10159.902476385723,0,0.015990247638572326,10,0.6,0.32326578313871845,0.05276978564079467,0.10378134634793695,2023-05-15
10159.902476385723,10159.902476385723,0,0.015990247638572326,10,0.6,0.3192650768505363,0.05276978564079467,0.10319727055556956,2023-05-16
10159.902476385723,10159.902476385723,0,0.015990247638572326,10,0.6,0.3153191607185188,0.05276978564079467,0.10262294647644835,2023-05-17
10159.902476385723,10159.902476385723,0,0.015990247638572326,10,0.6,0.31142659078029605,0.05276978564079467,0.10205810573950516,2023-05-18
10159.902476385723,10159.902476385723,0,0.015990247638572326,10,0.6,0.3075859771173395,0.05276978564079467,0.10150249020107528,2023-05-19
10159.902476385723,10159.902476385723,0,0.015990247638572326,10,0.6,0.30379598125976964,0.05276978564079467,0.10095585144917578,2023-05-22
10159.902476385723,10159.902476385723,0,0.015990247638572326,10,0.6,0.30005531374246636,0.05276978564079467,0.10041795033683812,2023-05-23
10150.250569033156,498.34321646671924,1,0.015025056903315636,10,0.6,0.2710889641877291,0.05276978564079467,0.09990537819884776,2023-05-24
10036.578598769425,498.34321646671924,1,0.0036578598769425297,10,0.6,-0.027748871381167863,0.05276978564079467,0.10106366380584089,2023-05-25
10012.54807765675,10012.54807765675,0,0.001254807765674923,11,0.5454545454545454,-0.09145306720773762,0.05276978564079467,0.10061887599072637,2023-05-26
10012.54807765675,10012.54807765675,0,0.001254807765674923,11,0.5454545454545454,-0.09302394387322428,0.05276978564079467,0.10010422139966893,2023-05-29
10012.54807765675,10012.54807765675,0,0.001254807765674923,11,0.5454545454545454,-0.09458128094602596,0.05276978564079467,0.09959738407987583,2023-05-30
10012.54807765675,10012.54807765675,0,0.001254807765674923,11,0.5454545454545454,-0.09612536603490075,0.05276978564079467,0.09909816811556178,2023-05-31
10012.54807765675,10012.54807765675,0,0.001254807765674923,11,0.5454545454545454,-0.09765647752715317,0.05276978564079467,0.0986063843967775,2023-05-15
10012.54807765675,10012.54807765675,0,0.001254807765674923,11,0.5454545454545454,-0.09917488497755501,0.05276978564079467,0.0981218503184205,2023-05-16
10012.54807765675,10012.54807765675,0,0.001254807765674923,11,0.5454545454545454,-0.10068084947709136,0.05276978564079467,0.09764438949535752,2023-05-17
10012.54807765675,10012.54807765675,0,0.001254807765674923,11,0.5454545454545454,-0.1021746240027688,0.05276978564079467,0.09717383149264822,2023-05-18
10012.54807765675,10012.54807765675,0,0.001254807765674923,11,0.5454545454545454,-0.1036564537496326,0.05276978564079467,0.09671001156993375,2023-05-19
10012.54807765675,10012.54807765675,0,0.001254807765674923,11,0.5454545454545454,-0.10512657644606609,0.05276978564079467,0.09625277043911917,2023-05-22
10012.54807765675,10012.54807765675,0,0.001254807765674923,11,0.5454545454545454,-0.10658522265336173,0.05276978564079467,0.09580195403454055,2023-05-23
10003.036156982975,491.1154832090633,1,0.0003036156982974717,11,0.5454545454545454,-0.13126220362439703,0.05276978564079467,0.0953692467371653,2023-05-24
9891.012830972422,491.1154832090633,1,-0.010898716902757769,11,0.5454545454545454,-0.3989852489353509,0.05276978564079467,0.09643997155976178,2023-05-25
9876.71643807636,491.1154832090633,1,-0.012328356192363936,11,0.5454545454545454,-0.43345307635671987,0.05276978564079467,0.09602286272791755,2023-05-26
9947.341115515783,491.1154832090633,1,-0.00526588844842172,11,0.5454545454545454,-0.26186924983522486,0.05276978564079467,0.09620362309296586,2023-05-29
10242.746094167034,491.1154832090633,1,0.024274609416703424,11,0.5454545454545454,0.39478638785088854,0.05276978564079467,0.10555472757040396,2023-05-30
10280.325703385146,491.1154832090633,1,0.028032570338514598,11,0.5454545454545454,0.4686611121492576,0.05276978564079467,0.10520987020040334,2023-05-31
10331.04731480571,491.1154832090633,1,0.03310473148057099,11,0.5454545454545454,0.5678179781869174,0.05276978564079467,0.1049741732046232,2023-06-01
10329.763503110313,491.1154832090633,1,0.03297635031103127,11,0.5454545454545454,0.5610636375033966,0.05276978564079467,0.10451878058038207,2023-06-02
10028.60256884898,10028.60256884898,0,0.002860256884898081,12,0.5833333333333334,-0.047671267765508736,0.05276978564079467,0.11269438366850659,2023-06-05
10028.60256884898,10028.60256884898,0,0.002860256884898081,12,0.5833333333333334,-0.04899046462379338,0.05276978564079467,0.1122117823178003,2023-06-06
10019.075396408574,491.90295600204263,1,0.0019075396408574307,12,0.5833333333333334,-0.06845076607549984,0.05276978564079467,0.1117449157235325,2023-06-07
10404.663354067301,491.90295600204263,1,0.04046633540673011,12,0.5833333333333334,0.5926410229724116,0.05276978564079467,0.12443560478314478,2023-06-08
10384.666043664904,491.90295600204263,1,0.03846660436649035,12,0.5833333333333334,0.5560518191123719,0.05276978564079467,0.12396024864039719,2023-06-09
9958.83296461288,491.90295600204263,1,-0.004116703538711954,12,0.5833333333333334,-0.12559110881417382,0.05276978564079467,0.137011618051475,2023-05-24
9847.33950045924,491.90295600204263,1,-0.01526604995407597,12,0.5833333333333334,-0.2937315238858648,0.05356481364581551,0.1373884784068012,2023-05-25
9833.110728419984,491.90295600204263,1,-0.01668892715800157,12,0.5833333333333334,-0.31532703635363896,0.054932351600197646,0.1368426670791073,2023-05-26
9903.401356478224,491.90295600204263,1,-0.009659864352177647,12,0.5833333333333334,-0.20805405776598032,0.054932351600197646,0.13667689535695868,2023-05-29
10197.409091929303,491.90295600204263,1,0.019740909192930305,12,0.5833333333333334,0.220968727625622,0.054932351600197646,0.1424699796418792,2023-05-30
10234.810952438896,491.90295600204263,1,0.02348109524388965,12,0.5833333333333334,0.27050573820887985,0.054932351600197646,0.1419873353151257,2023-05-31
10285.292654474782,491.90295600204263,1,0.028529265447478247,12,0.5833333333333334,0.337160621108283,0.054932351600197646,0.14158092267902567,2023-06-01
10284.014915111577,491.90295600204263,1,0.028401491511157655,12,0.5833333333333334,0.3329962720568282,0.054932351600197646,0.14102785753617322,2023-06-02
9993.78032665564,491.90295600204263,1,-0.0006219673344359763,12,0.5833333333333334,-0.05952191200665221,0.054932351600197646,0.1459716903906623,2023-06-05
9999.828108884025,491.90295600204263,1,-1.71891115975086e-05,12,0.5833333333333334,-0.05228245022450852,0.054932351600197646,0.14541125317071812,2023-06-06
10019.075396408574,491.90295600204263,1,0.0019075396408574307,12,0.5833333333333334,-0.027571398364150443,0.054932351600197646,0.14487836267093382,2023-06-07
10394.750593669236,10394.750593669236,0,0.039475059366923596,13,0.6153846153846154,0.4402457039433927,0.054932351600197646,0.1532496717728279,2023-06-08
10394.750593669236,10394.750593669236,0,0.039475059366923596,13,0.6153846153846154,0.4376004376523782,0.054932351600197646,0.15267320009734262,2023-06-09
10384.87558060525,509.8625166194761,1,0.03848755806052504,13,0.6153846153846154,0.4232088504126959,0.054932351600197646,0.15211273862403396,2023-06-12
10389.859536529098,509.8625166194761,1,0.03898595365290985,13,0.6153846153846154,0.42657194641690693,0.054932351600197646,0.1515484396372905,2023-06-13
10215.586479625863,509.8625166194761,1,0.021558647962586292,13,0.6153846153846154,0.21565346889890202,0.054932351600197646,0.15276280111330837,2023-06-14
10393.448156548271,10393.448156548271,0,0.03934481565482711,14,0.5714285714285714,0.4194559090015897,0.054932351600197646,0.15396876359000589,2023-06-15
10393.448156548271,10393.448156548271,0,0.03934481565482711,14,0.5714285714285714,0.41698686077961017,0.054932351600197646,0.15341055710888013,2023-06-16
10393.448156548271,10393.448156548271,0,0.03934481565482711,14,0.5714285714285714,0.41454112828198625,0.054932351600197646,0.15285837817802686,2023-06-19
10393.448156548271,10393.448156548271,0,0.03934481565482711,14,0.5714285714285714,0.4121183061280546,0.054932351600197646,0.1523121190962519,2023-06-20
10393.448156548271,10393.448156548271,0,0.03934481565482711,14,0.5714285714285714,0.40971799889924093,0.054932351600197646,0.15177167483743254,2023-06-02
10393.448156548271,10393.448156548271,0,0.03934481565482711,14,0.5714285714285714,0.4073398208247347,0.054932351600197646,0.15123694296569243,2023-06-05
10393.448156548271,10393.448156548271,0,0.03934481565482711,14,0.5714285714285714,0.40498339547923035,0.054932351600197646,0.15070782355384105,2023-06-06
10393.448156548271,10393.448156548271,0,0.03934481565482711,14,0.5714285714285714,0.4026483554921941,0.054932351600197646,0.15018421910493046,2023-06-07
10393.448156548271,10393.448156548271,0,0.03934481565482711,14,0.5714285714285714,0.4003343422681351,0.054932351600197646,0.14966603447678878,2023-06-08
10393.448156548271,10393.448156548271,0,0.03934481565482711,14,0.5714285714285714,0.3980410057173982,0.054932351600197646,0.14915317680939869,2023-06-09
10393.448156548271,10393.448156548271,0,0.03934481565482711,14,0.5714285714285714,0.3957680039970059,0.054932351600197646,0.1486455554549945,2023-06-12
10393.448156548271,10393.448156548271,0,0.03934481565482711,14,0.5714285714285714,0.3935150032611132,0.054932351600197646,0.14814308191075828,2023-06-13
10393.448156548271,10393.448156548271,0,0.03934481565482711,14,0.5714285714285714,0.39128167742065445,0.054932351600197646,0.14764566975400237,2023-06-14
10393.448156548271,10393.448156548271,0,0.03934481565482711,14,0.5714285714285714,0.38906770791178497,0.054932351600197646,0.14715323457972915,2023-06-15
10393.448156548271,10393.448156548271,0,0.03934481565482711,14,0.5714285714285714,0.3868727834727372,0.054932351600197646,0.14666569394046705,2023-06-16
10393.448156548271,10393.448156548271,0,0.03934481565482711,14,0.5714285714285714,0.38469659992873456,0.054932351600197646,0.14618296728828445,2023-06-19
10393.448156548271,10393.448156548271,0,0.03934481565482711,14,0.5714285714285714,0.38253885998462,0.054932351600197646,0.14570497591888934,2023-06-20
10393.448156548271,10393.448156548271,0,0.03934481565482711,14,0.5714285714285714,0.38039927302487087,0.054932351600197646,0.1452316429177265,2023-06-21
10393.448156548271,10393.448156548271,0,0.03934481565482711,14,0.5714285714285714,0.3782775549206957,0.054932351600197646,0.1447628931079884,2023-06-22
10393.448156548271,10393.448156548271,0,0.03934481565482711,14,0.5714285714285714,0.37617342784391467,0.054932351600197646,0.14429865300046024,2023-06-23
10393.448156548271,10393.448156548271,0,0.03934481565482711,14,0.5714285714285714,0.3740866200873435,0.054932351600197646,0.14383885074512276,2023-06-26
10393.448156548271,10393.448156548271,0,0.03934481565482711,14,0.5714285714285714,0.37201686589141547,0.054932351600197646,0.1433834160844406,2023-06-27
10393.448156548271,10393.448156548271,0,0.03934481565482711,14,0.5714285714285714,0.3699639052767829,0.054932351600197646,0.1429322803082681,2023-06-28
10393.448156548271,10393.448156548271,0,0.03934481565482711,14,0.5714285714285714,0.36792748388266017,0.054932351600197646,0.14248537621030455,2023-06-29
10383.57438079955,509.7986320786913,1,0.03835743807995495,14,0.5714285714285714,0.3554191256796204,0.054932351600197646,0.1420505693254167,2023-06-13
10209.411060766244,509.7986320786913,1,0.02094110607662442,14,0.5714285714285714,0.1673378945997408,0.054932351600197646,0.14318994394785753,2023-06-14
10397.047990482282,509.7986320786913,1,0.03970479904822823,14,0.5714285714285714,0.36053386794724684,0.054932351600197646,0.1445225811366037,2023-06-15
10516.458152787689,10516.458152787689,0,0.051645815278768895,15,0.6,0.4788668255280523,0.054932351600197646,0.14474444211982224,2023-06-16
10516.458152787689,10516.458152787689,0,0.051645815278768895,15,0.6,0.4765713558355898,0.054932351600197646,0.14430581668747772,2023-06-19
10516.458152787689,10516.458152787689,0,0.051645815278768895,15,0.6,0.4742941531158539,0.054932351600197646,0.14387115478519244,2023-06-20
10516.458152787689,10516.458152787689,0,0.051645815278768895,15,0.6,0.4720349507133274,0.054932351600197646,0.14344039707806835,2023-06-21
10516.458152787689,10516.458152787689,0,0.051645815278768895,15,0.6,0.46979348747610716,0.054932351600197646,0.14301348546736206,2023-06-22
10516.458152787689,10516.458152787689,0,0.051645815278768895,15,0.6,0.4675695076099362,0.054932351600197646,0.14259036305756928,2023-06-23
10516.458152787689,10516.458152787689,0,0.051645815278768895,15,0.6,0.46536276053695264,0.054932351600197646,0.14217097412457397,2023-06-26
10516.458152787689,10516.458152787689,0,0.051645815278768895,15,0.6,0.4631730007589737,0.054932351600197646,0.14175526408482236,2023-06-27
10516.458152787689,10516.458152787689,0,0.051645815278768895,15,0.6,0.46099998772514544,0.054932351600197646,0.14134317946548225,2023-06-28
10516.458152787689,10516.458152787689,0,0.051645815278768895,15,0.6,0.4588434857037928,0.054932351600197646,0.14093466787555123,2023-06-29
10516.458152787689,10516.458152787689,0,0.051645815278768895,15,0.6,0.456703263658314,0.054932351600197646,0.14052967797787813,2023-06-30
10516.458152787689,10516.458152787689,0,0.051645815278768895,15,0.6,0.4545790951269688,0.054932351600197646,0.1401281594620638,2023-07-03
10516.458152787689,10516.458152787689,0,0.051645815278768895,15,0.6,0.45247075810641635,0.054932351600197646,0.13973006301820884,2023-07-04
10516.458152787689,10516.458152787689,0,0.051645815278768895,15,0.6,0.45037803493886536,0.054932351600197646,0.13933534031147668,2023-07-05
10516.458152787689,10516.458152787689,0,0.051645815278768895,15,0.6,0.44830071220270634,0.054932351600197646,0.13894394395744328,2023-07-06
10516.458152787689,10516.458152787689,0,0.051645815278768895,15,0.6,0.44623858060649674,0.054932351600197646,0.13855582749820364,2023-07-07
10516.458152787689,10516.458152787689,0,0.051645815278768895,15,0.6,0.44419143488617846,0.054932351600197646,0.13817094537920885,2023-07-10
10516.458152787689,10516.458152787689,0,0.051645815278768895,15,0.6,0.44215907370541463,0.054932351600197646,0.13778925292680663,2023-06-22
10516.458152787689,10516.458152787689,0,0.051645815278768895,15,0.6,0.44014129955893055,0.054932351600197646,0.1374107063264608,2023-06-23
10516.458152787689,10516.458152787689,0,0.051645815278768895,15,0.6,0.438137918678754,0.054932351600197646,0.13703526260162546,2023-06-26
10516.458152787689,10516.458152787689,0,0.051645815278768895,15,0.6,0.4361487409432535,0.054932351600197646,0.13666287959325032,2023-06-27
10516.458152787689,10516.458152787689,0,0.051645815278768895,15,0.6,0.43417357978887255,0.054932351600197646,0.13629351593989564,2023-06-28
10516.458152787689,10516.458152787689,0,0.051645815278768895,15,0.6,0.4322122521244718,0.054932351600197646,0.135927131058435,2023-06-29
10516.458152787689,10516.458152787689,0,0.051645815278768895,15,0.6,0.4302645782481825,0.054932351600197646,0.13556368512532568,2023-06-30
10516.458152787689,10516.458152787689,0,0.051645815278768895,15,0.6,0.4283303817666867,0.054932351600197646,0.1352031390584272,2023-07-03
10516.458152787689,10516.458152787689,0,0.051645815278768895,15,0.6,0.4264094895168433,0.054932351600197646,0.13484545449934843,2023-07-04
10516.458152787689,10516.458152787689,0,0.051645815278768895,15,0.6,0.4245017314895755,0.054932351600197646,0.1344905937963063,2023-07-05
10516.458152787689,10516.458152787689,0,0.051645815278768895,15,0.6,0.42260694075594596,0.054932351600197646,0.13413851998747764,2023-07-06
10516.458152787689,10516.458152787689,0,0.051645815278768895,15,0.6,0.420724953395344,0.054932351600197646,0.13378919678482834,2023-07-07
10516.458152787689,10516.458152787689,0,0.051645815278768895,15,0.6,0.4188556084257139,0.054932351600197646,0.13344258855840307,2023-07-10
10516.458152787689,10516.458152787689,0,0.051645815278768895,15,0.6,0.4169987477357586,0.054932351600197646,0.13309866032106013,2023-07-11
10516.458152787689,10516.458152787689,0,0.051645815278768895,15,0.6,0.4151542160190466,0.054932351600197646,0.13275737771363777,2023-07-12
10516.458152787689,10516.458152787689,0,0.051645815278768895,15,0.6,0.4133218607099676,0.054932351600197646,0.1324187069905357,2023-07-13
10506.46751754254,515.8322723942347,1,0.050646751754254,15,0.6,0.40227950437660703,0.054932351600197646,0.13208967747682504,2023-07-14
10553.351162623296,515.8322723942347,1,0.05533511626232958,15,0.6,0.4433196464318065,0.054932351600197646,0.1318393165372371,2023-07-17
10773.851739420803,515.8322723942347,1,0.07738517394208029,15,0.6,0.632941058058186,0.054932351600197646,0.1335216745393833,2023-07-18
10520.82351773428,515.8322723942347,1,0.052082351773427946,15,0.6,0.400423046880256,0.054932351600197646,0.13584929528299072,2023-07-19
10647.801767026978,515.8322723942347,1,0.06478017670269783,15,0.6,0.5079682585036964,0.054932351600197646,0.13614753578863864,2023-07-03
10669.60901241212,515.8322723942347,1,0.06696090124121201,15,0.6,0.5247426276685498,0.054932351600197646,0.13582323672630506,2023-07-04
10507.738953569571,515.8322723942347,1,0.05077389535695711,15,0.6,0.38064183250823486,0.054932351600197646,0.13658376445132842,2023-07-05
10593.99097250724,515.8322723942347,1,0.05939909725072393,15,0.6,0.4524703036156392,0.054932351600197646,0.13653145207042003,2023-07-06
10456.360103196957,515.8322723942347,1,0.04563601031969574,15,0.6,0.3314616146225525,0.054932351600197646,0.13699200464169686,2023-07-07
10713.353950194516,515.8322723942347,1,0.0713353950194516,15,0.6,0.5396499679311264,0.054932351600197646,0.13926818001080274,2023-07-10
10596.30591564852,515.8322723942347,1,0.05963059156485197,15,0.6,0.4401536776541711,0.054932351600197646,0.139487304735073,2023-07-11
10554.983930255861,515.8322723942347,1,0.05549839302558612,15,0.6,0.4042261878534767,0.054932351600197646,0.13922882322049066,2023-07-12
10696.233675168363,515.8322723942347,1,0.06962336751683633,15,0.6,0.5160016055911565,0.054932351600197646,0.13963237969184103,2023-07-13
10506.46751754254,515.8322723942347,1,0.050646751754254,15,0.6,0.3576635271506,0.054932351600197646,0.1406979261417578,2023-07-14
10553.351162623296,515.8322723942347,1,0.05533511626232958,15,0.6,0.393900577610683,0.054932351600197646,0.1404382013747405,2023-07-17
10773.851739420803,515.8322723942347,1,0.07738517394208029,15,0.6,0.5624198255799181,0.054932351600197646,0.1418860851885993,2023-07-18
10520.82351773428,515.8322723942347,1,0.052082351773427946,15,0.6,0.358190224691424,0.054932351600197646,0.1439052691810998,2023-07-19
10560.918870442523,515.8322723942347,1,0.056091887044252324,15,0.6,0.38782297475326266,0.054932351600197646,0.14361942096116675,2023-07-20
10613.26994413001,515.8322723942347,1,0.06132699441300101,15,0.6,0.4265575336309099,0.054932351600197646,0.14337328465200055,2023-07-21
10739.985033258521,10739.985033258521,0,0.0739985033258521,16,0.625,0.5203117339652082,0.054932351600197646,0.14358780473254337,2023-07-24
10739.985033258521,10739.985033258521,0,0.0739985033258521,16,0.625,0.5184660497069183,0.054932351600197646,0.14325714509528364,2023-07-25
10739.985033258521,10739.985033258521,0,0.0739985033258521,16,0.625,0.51663162166772,0.054932351600197646,0.14292875934626764,2023-07-26
10739.985033258521,10739.985033258521,0,0.0739985033258521,16,0.625,0.514808324373667,0.054932351600197646,0.14260262154262737,2023-07-27
10739.985033258521,10739.985033258521,0,0.0739985033258521,16,0.625,0.5129960343294901,0.054932351600197646,0.1422787061539876,2023-07-28
10739.985033258521,10739.985033258521,0,0.0739985033258521,16,0.625,0.51119462997846,0.054932351600197646,0.14195698805407117,2023-07-12
10739.985033258521,10739.985033258521,0,0.0739985033258521,16,0.625,0.5094039916632361,0.054932351600197646,0.1416374425125126,2023-07-13
10739.985033258521,10739.985033258521,0,0.0739985033258521,16,0.625,0.5076240015876853,0.054932351600197646,0.14132004518687327,2023-07-14
10739.985033258521,10739.985033258521,0,0.0739985033258521,16,0.625,0.5058545437796327,0.054932351600197646,0.14100477211485277,2023-07-17
10739.985033258521,10739.985033258521,0,0.0739985033258521,16,0.625,0.5040955040545245,0.054932351600197646,0.14069159970669023,2023-07-18
10739.985033258521,10739.985033258521,0,0.0739985033258521,16,0.625,0.5023467699799731,0.054932351600197646,0.14038050473775063,2023-07-19
10739.985033258521,10739.985033258521,0,0.0739985033258521,16,0.625,0.5006082308411575,0.054932351600197646,0.1400714643412908,2023-07-20
10739.985033258521,10739.985033258521,0,0.0739985033258521,16,0.625,0.49887977760706154,0.054932351600197646,0.13976445600139945,2023-07-21
10739.985033258521,10739.985033258521,0,0.0739985033258521,16,0.625,0.4971613028975175,0.054932351600197646,0.13945945754610695,2023-07-24
10739.985033258521,10739.985033258521,0,0.0739985033258521,16,0.625,0.4954527009510394,0.054932351600197646,0.13915644714065994,2023-07-25
10739.985033258521,10739.985033258521,0,0.0739985033258521,16,0.625,0.49375386759341944,0.054932351600197646,0.13885540328095528,2023-07-26
10739.985033258521,10739.985033258521,0,0.0739985033258521,16,0.625,0.49206470020706783,0.054932351600197646,0.13855630478713057,2023-07-27
10739.985033258521,10739.985033258521,0,0.0739985033258521,16,0.625,0.49038509770107586,0.054932351600197646,0.13825913079730498,2023-07-28
10739.985033258521,10739.985033258521,0,0.0739985033258521,16,0.625,0.48871496048198054,0.054932351600197646,0.13796386076146763,2023-07-31
10739.985033258521,10739.985033258521,0,0.0739985033258521,16,0.625,0.48705419042521286,0.054932351600197646,0.13767047443550898,2023-08-01
10739.985033258521,10739.985033258521,0,0.0739985033258521,16,0.625,0.4854026908472097,0.054932351600197646,0.13737895187539068,2023-08-02
10739.985033258521,10739.985033258521,0,0.0739985033258521,16,0.625,0.4837603664781725,0.054932351600197646,0.13708927343145152,2023-08-03
10739.985033258521,10739.985033258521,0,0.0739985033258521,16,0.625,0.48212712343545333,0.054932351600197646,0.13680141974284402,2023-08-04
10739.985033258521,10739.985033258521,0,0.0739985033258521,16,0.625,0.4805028691975536,0.054932351600197646,0.1365153717320995,2023-08-07
10739.985033258521,10739.985033258521,0,0.0739985033258521,16,0.625,0.47888751257871554,0.054932351600197646,0.13623111059981763,2023-08-08
10729.782047476925,526.7962658813303,1,0.07297820474769251,16,0.625,0.46995362205235097,0.054932351600197646,0.1359545353693466,2023-07-21
10857.821684335566,10857.821684335566,0,0.08578216843355659,17,0.6470588235294118,0.5578511206198012,0.054932351600197646,0.13618664832567554,2023-07-24
10847.506753735446,532.5761536166592,1,0.08475067537354462,17,0.6470588235294118,0.5488203107407371,0.054932351600197646,0.13591286938881883,2023-07-25
10640.45284253431,532.5761536166592,1,0.06404528425343105,17,0.6470588235294118,0.3975588112914831,0.054932351600197646,0.13706286590502526,2023-07-26
10735.522087467,532.5761536166592,1,0.07355220874669995,17,0.6470588235294118,0.4623926613987614,0.054932351600197646,0.13706204387732268,2023-07-27
10794.765776804816,532.5761536166592,1,0.07947657768048157,17,0.6470588235294118,0.5018181331472077,0.054932351600197646,0.1368835039425907,2023-07-28
10846.724267639764,532.5761536166592,1,0.08467242676397636,17,0.6470588235294118,0.535866403398879,0.054932351600197646,0.1366801352689856,2023-07-31
10904.404026652825,10904.404026652825,0,0.09044040266528246,18,0.6666666666666666,0.5734258028545225,0.054932351600197646,0.13649507395141,2023-08-01
10894.044842827505,534.8610175073209,1,0.0894044842827505,18,0.6666666666666666,0.5645980135079329,0.054932351600197646,0.13622735454649898,2023-08-02
10933.08069460547,10933.08069460547,0,0.09330806946054708,19,0.6842105263157895,0.5892824454136837,0.054932351600197646,0.13599239875903998,2023-08-03
10933.08069460547,10933.08069460547,0,0.09330806946054708,19,0.6842105263157895,0.5875177911552961,0.054932351600197646,0.13572180892096158,2023-08-04
10922.694267945595,536.2676080703986,1,0.09226942679455952,19,0.6842105263157895,0.5787230041200396,0.054932351600197646,0.13545891080523068,2023-08-07
11233.049362082897,11233.049362082897,0,0.12330493620828965,20,0.7,0.770095029638681,0.054932351600197646,0.13804239225719653,2023-08-08
11233.049362082897,11233.049362082897,0,0.12330493620828965,20,0.7,0.7680010452624124,0.054932351600197646,0.13777128825166746,2023-08-09
11233.049362082897,11233.049362082897,0,0.12330493620828965,20,0.7,0.7659183057807697,0.054932351600197646,0.13750177525310514,2023-08-10
11233.049362082897,11233.049362082897,0,0.12330493620828965,20,0.7,0.7638467031190325,0.054932351600197646,0.13723383776067508,2023-08-11
11233.049362082897,11233.049362082897,0,0.12330493620828965,20,0.7,0.7617861306676365,0.054932351600197646,0.13696746048414868,2023-08-14
11233.049362082897,11233.049362082897,0,0.12330493620828965,20,0.7,0.7597364832566349,0.054932351600197646,0.1367026283402387,2023-08-15
11233.049362082897,11233.049362082897,0,0.12330493620828965,20,0.7,0.7576976571307047,0.054932351600197646,0.13643932644901216,2023-08-16
11233.049362082897,11233.049362082897,0,0.12330493620828965,20,0.7,0.7556695499246812,0.054932351600197646,0.1361775401303789,2023-08-17
11233.049362082897,11233.049362082897,0,0.12330493620828965,20,0.7,0.7536520606396091,0.054932351600197646,0.13591725490065398,2023-08-01
11222.377965188918,550.9810712101662,1,0.12223779651889181,20,0.7,0.7448740948830794,0.054932351600197646,0.13566490351399332,2023-08-02
11262.590309562906,11262.590309562906,0,0.12625903095629054,21,0.7142857142857143,0.7680584644671803,0.054932351600197646,0.13544067025451365,2023-08-03
11262.590309562906,11262.590309562906,0,0.12625903095629054,21,0.7142857142857143,0.7660371966250721,0.054932351600197646,0.1351847624186115,2023-08-04
11251.89084876882,552.4300546840605,1,0.12518908487688205,21,0.7142857142857143,0.7572949404084076,0.054932351600197646,0.13493673811120038,2023-08-07
11571.599664005034,11571.599664005034,0,0.15715996640050345,22,0.7272727272727273,0.9363641193257662,0.054932351600197646,0.13738873628238873,2023-08-08
11571.599664005034,11571.599664005034,0,0.15715996640050345,22,0.7272727272727273,0.9340546197355147,0.054932351600197646,0.13713240552982528,2023-08-09
11571.599664005034,11571.599664005034,0,0.15715996640050345,22,0.7272727272727273,0.9317570934894243,0.054932351600197646,0.13687750413788782,2023-08-10
11571.599664005034,11571.599664005034,0,0.15715996640050345,22,0.7272727272727273,0.9294714306105549,0.054932351600197646,0.1366240188720645,2023-08-11
11571.599664005034,11571.599664005034,0,0.15715996640050345,22,0.7272727272727273,0.9271975225447537,0.054932351600197646,0.1363719366687599,2023-08-14
11571.599664005034,11571.599664005034,0,0.15715996640050345,22,0.7272727272727273,0.9249352621370006,0.054932351600197646,0.13612124463246808,2023-08-15
11571.599664005034,11571.599664005034,0,0.15715996640050345,22,0.7272727272727273,0.9226845436082326,0.054932351600197646,0.1358719300330015,2023-08-16
11571.599664005034,11571.599664005034,0,0.15715996640050345,22,0.7272727272727273,0.920445262532632,0.054932351600197646,0.13562398030277661,2023-08-17
11571.599664005034,11571.599664005034,0,0.15715996640050345,22,0.7272727272727273,0.9182173158153797,0.054932351600197646,0.13537738303415303,2023-08-18
11571.599664005034,11571.599664005034,0,0.15715996640050345,22,0.7272727272727273,0.9160006016708463,0.054932351600197646,0.13513212597682606,2023-08-21
11571.599664005034,11571.599664005034,0,0.15715996640050345,22,0.7272727272727273,0.9137950196012258,0.054932351600197646,0.13488819703527094,2023-08-22
11571.599664005034,11571.599664005034,0,0.15715996640050345,22,0.7272727272727273,0.9116004703755889,0.054932351600197646,0.13464558426623743,2023-08-23
11571.599664005034,11571.599664005034,0,0.15715996640050345,22,0.7272727272727273,0.9094168560093571,0.054932351600197646,0.1344042758762941,2023-08-24
11571.599664005034,11571.599664005034,0,0.15715996640050345,22,0.7272727272727273,0.9072440797441778,0.054932351600197646,0.13416426021942068,2023-08-25
11571.599664005034,11571.599664005034,0,0.15715996640050345,22,0.7272727272727273,0.9050820460282006,0.054932351600197646,0.1339255257946474,2023-08-28
11571.599664005034,11571.599664005034,0,0.15715996640050345,22,0.7272727272727273,0.902930660496733,0.054932351600197646,0.13368806124374086,2023-08-10
11571.599664005034,11571.599664005034,0,0.15715996640050345,22,0.7272727272727273,0.9007898299532856,0.054932351600197646,0.13345185534893417,2023-08-11
11571.599664005034,11571.599664005034,0,0.15715996640050345,22,0.7272727272727273,0.8986594623509749,0.054932351600197646,0.13321689703070158,2023-08-14
11571.599664005034,11571.599664005034,0,0.15715996640050345,22,0.7272727272727273,0.8965394667742955,0.054932351600197646,0.13298317534557588,2023-08-15
11571.599664005034,11571.599664005034,0,0.15715996640050345,22,0.7272727272727273,0.8944297534212393,0.054932351600197646,0.13275067948400773,2023-08-16
11571.599664005034,11571.599664005034,0,0.15715996640050345,22,0.7272727272727273,0.8923302335857657,0.054932351600197646,0.132519398768266,2023-08-17
11571.599664005034,11571.599664005034,0,0.15715996640050345,22,0.7272727272727273,0.8902408196406001,0.054932351600197646,0.13228932265037838,2023-08-18
11571.599664005034,11571.599664005034,0,0.15715996640050345,22,0.7272727272727273,0.8881614250203707,0.054932351600197646,0.13206044071011092,2023-08-21
11571.599664005034,11571.599664005034,0,0.15715996640050345,22,0.7272727272727273,0.8860919642050586,0.054932351600197646,0.13183274265298606,2023-08-22
11571.599664005034,11571.599664005034,0,0.15715996640050345,22,0.7272727272727273,0.8840323527037697,0.054932351600197646,0.1316062183083381,2023-08-23
11571.599664005034,11571.599664005034,0,0.15715996640050345,22,0.7272727272727273,0.8819825070388098,0.054932351600197646,0.13138085762740512,2023-08-24
11571.599664005034,11571.599664005034,0,0.15715996640050345,22,0.7272727272727273,0.8799423447300591,0.054932351600197646,0.13115665068145718,2023-08-25
11571.599664005034,11571.599664005034,0,0.15715996640050345,22,0.7272727272727273,0.877911784279647,0.054932351600197646,0.13093358765995874,2023-08-28
11571.599664005034,11571.599664005034,0,0.15715996640050345,22,0.7272727272727273,0.8758907451569061,0.054932351600197646,0.1307116588687663,2023-08-29
11571.599664005034,11571.599664005034,0,0.15715996640050345,22,0.7272727272727273,0.8738791477836136,0.054932351600197646,0.13049085472835867,2023-08-30
11571.599664005034,11571.599664005034,0,0.15715996640050345,22,0.7272727272727273,0.8718769135195048,0.054932351600197646,0.13027116577210052,2023-08-31
11571.599664005034,11571.599664005034,0,0.15715996640050345,22,0.7272727272727273,0.8698839646480545,0.054932351600197646,0.13005258264453784,2023-09-01
11571.599664005034,11571.599664005034,0,0.15715996640050345,22,0.7272727272727273,0.8679002243625253,0.054932351600197646,0.12983509609972463,2023-09-04
11571.599664005034,11571.599664005034,0,0.15715996640050345,22,0.7272727272727273,0.8659256167522674,0.054932351600197646,0.12961869699958065,2023-09-05
11571.599664005034,11571.599664005034,0,0.15715996640050345,22,0.7272727272727273,0.8639600667892751,0.054932351600197646,0.12940337631227852,2023-09-06
11571.599664005034,11571.599664005034,0,0.15715996640050345,22,0.7272727272727273,0.8620035003149866,0.054932351600197646,0.1291891251106609,2023-08-21
11571.599664005034,11571.599664005034,0,0.15715996640050345,22,0.7272727272727273,0.8600558440273266,0.054932351600197646,0.12897593457068585,2023-08-22
11571.599664005034,11571.599664005034,0,0.15715996640050345,22,0.7272727272727273,0.8581170254679817,0.054932351600197646,0.12876379596990073,2023-08-23
11571.599664005034,11571.599664005034,0,0.15715996640050345,22,0.7272727272727273,0.8561869730099092,0.054932351600197646,0.12855270068594316,2023-08-24
11571.599664005034,11571.599664005034,0,0.15715996640050345,22,0.7272727272727273,0.8542656158450713,0.054932351600197646,0.12834264019506947,2023-08-25
11571.599664005034,11571.599664005034,0,0.15715996640050345,22,0.7272727272727273,0.8523528839723876,0.054932351600197646,0.1281336060707092,2023-08-28
11571.599664005034,11571.599664005034,0,0.15715996640050345,22,0.7272727272727273,0.8504487081859077,0.054932351600197646,0.1279255899820451,2023-08-29
11571.599664005034,11571.599664005034,0,0.15715996640050345,22,0.7272727272727273,0.8485530200631908,0.054932351600197646,0.12771858369261918,2023-08-30
11571.599664005034,11571.599664005034,0,0.15715996640050345,22,0.7272727272727273,0.8466657519538989,0.054932351600197646,0.12751257905896277,2023-08-31
11571.599664005034,11571.599664005034,0,0.15715996640050345,22,0.7272727272727273,0.8447868369685845,0.054932351600197646,0.12730756802925122,2023-09-01
11571.599664005034,11571.599664005034,0,0.15715996640050345,22,0.7272727272727273,0.8429162089676846,0.054932351600197646,0.12710354264198206,2023-09-04
11571.599664005034,11571.599664005034,0,0.15715996640050345,22,0.7272727272727273,0.8410538025507039,0.054932351600197646,0.12690049502467668,2023-09-05
11571.599664005034,11571.599664005034,0,0.15715996640050345,22,0.7272727272727273,0.8391995530455914,0.054932351600197646,0.12669841739260432,2023-09-06
11571.599664005034,11571.599664005034,0,0.15715996640050345,22,0.7272727272727273,0.8373533964983016,0.054932351600197646,0.1264973020475289,2023-09-07
11571.599664005034,11571.599664005034,0,0.15715996640050345,22,0.7272727272727273,0.8355152696625389,0.054932351600197646,0.12629714137647713,2023-09-08
11571.599664005034,11571.599664005034,0,0.15715996640050345,22,0.7272727272727273,0.8336851099896807,0.054932351600197646,0.12609792785052823,2023-09-11
11571.599664005034,11571.599664005034,0,0.15715996640050345,22,0.7272727272727273,0.8318628556188762,0.054932351600197646,0.12589965402362466,2023-09-12
11571.599664005034,11571.599664005034,0,0.15715996640050345,22,0.7272727272727273,0.8300484453673159,0.054932351600197646,0.12570231253140327,2023-09-13
11571.599664005034,11571.599664005034,0,0.15715996640050345,22,0.7272727272727273,0.8282418187206685,0.054932351600197646,0.12550589609004642,2023-09-14
11571.599664005034,11571.599664005034,0,0.15715996640050345,22,0.7272727272727273,0.8264429158236853,0.054932351600197646,0.12531039749515288,2023-09-15
11571.599664005034,11571.599664005034,0,0.15715996640050345,22,0.7272727272727273,0.8246516774709622,0.054932351600197646,0.1251158096206282,2023-08-30
11571.599664005034,11571.599664005034,0,0.15715996640050345,22,0.7272727272727273,0.8228680450978618,0.054932351600197646,0.12492212541759358,2023-08-31
11571.599664005034,11571.599664005034,0,0.15715996640050345,22,0.7272727272727273,0.8210919607715901,0.054932351600197646,0.12472933791331366,2023-09-01
11571.599664005034,11571.599664005034,0,0.15715996640050345,22,0.7272727272727273,0.8193233671824239,0.054932351600197646,0.1245374402101422,2023-09-04
11571.599664005034,11571.599664005034,0,0.15715996640050345,22,0.7272727272727273,0.817562207635089,0.054932351600197646,0.12434642548448556,2023-09-05
11571.599664005034,11571.599664005034,0,0.15715996640050345,22,0.7272727272727273,0.8158084260402814,0.054932351600197646,0.12415628698578374,2023-09-06
11571.599664005034,11571.599664005034,0,0.15715996640050345,22,0.7272727272727273,0.8140619669063327,0.054932351600197646,0.1239670180355085,2023-09-07
11571.599664005034,11571.599664005034,0,0.15715996640050345,22,0.7272727272727273,0.8123227753310164,0.054932351600197646,0.123778612026178,2023-09-08
11571.599664005034,11571.599664005034,0,0.15715996640050345,22,0.7272727272727273,0.810590796993488,0.054932351600197646,0.12359106242038821,2023-09-11
11571.599664005034,11571.599664005034,0,0.15715996640050345,22,0.7272727272727273,0.8088659781463649,0.054932351600197646,0.12340436274986002,2023-09-12
11571.599664005034,11571.599664005034,0,0.15715996640050345,22,0.7272727272727273,0.807148265607932,0.054932351600197646,0.12321850661450263,2023-09-13
11571.599664005034,11571.599664005034,0,0.15715996640050345,22,0.7272727272727273,0.8054376067544817,0.054932351600197646,0.12303348768149182,2023-09-14
11571.599664005034,11571.599664005034,0,0.15715996640050345,22,0.7272727272727273,0.8037339495127777,0.054932351600197646,0.12284929968436388,2023-09-15
11571.599664005034,11571.599664005034,0,0.15715996640050345,22,0.7272727272727273,0.8020372423526433,0.054932351600197646,0.12266593642212424,2023-09-18
11571.599664005034,11571.599664005034,0,0.15715996640050345,22,0.7272727272727273,0.8003474342796733,0.054932351600197646,0.12248339175837063,2023-09-19
11571.599664005034,11571.599664005034,0,0.15715996640050345,22,0.7272727272727273,0.7986644748280627,0.054932351600197646,0.12230165962043056,2023-09-20
11571.599664005034,11571.599664005034,0,0.15715996640050345,22,0.7272727272727273,0.7969883140535543,0.054932351600197646,0.12212073399851299,2023-09-21
11571.599664005034,11571.599664005034,0,0.15715996640050345,22,0.7272727272727273,0.7953189025265013,0.054932351600197646,0.12194060894487362,2023-09-22
11571.599664005034,11571.599664005034,0,0.15715996640050345,22,0.7272727272727273,0.793656191325042,0.054932351600197646,0.12176127857299365,2023-09-25
11571.599664005034,11571.599664005034,0,0.15715996640050345,22,0.7272727272727273,0.7920001320283847,0.054932351600197646,0.12158273705677192,2023-09-26
11571.599664005034,11571.599664005034,0,0.15715996640050345,22,0.7272727272727273,0.7903506767102012,0.054932351600197646,0.12140497862972996,2023-09-08
11571.599664005034,11571.599664005034,0,0.15715996640050345,22,0.7272727272727273,0.788707777932127,0.054932351600197646,0.12122799758422977,2023-09-11
11571.599664005034,11571.599664005034,0,0.15715996640050345,22,0.7272727272727273,0.7870713887373674,0.054932351600197646,0.12105178827070412,2023-09-12
11571.599664005034,11571.599664005034,0,0.15715996640050345,22,0.7272727272727273,0.785441462644401,0.054932351600197646,0.12087634509689921,2023-09-13
11571.599664005034,11571.599664005034,0,0.15715996640050345,22,0.7272727272727273,0.7838179536407889,0.054932351600197646,0.12070166252712922,2023-09-14
11560.606644324229,567.5869635194467,1,0.1560606644324229,22,0.7272727272727273,0.7764258821879496,0.054932351600197646,0.12053305716005563,2023-09-15
11698.582774717626,567.5869635194467,1,0.16985827747176263,22,0.7272727272727273,0.8440633160905273,0.054932351600197646,0.12075535100581156,2023-09-18
11795.45636499482,567.5869635194467,1,0.17954563649948196,22,0.7272727272727273,0.8907587685749825,0.054932351600197646,0.12076360673245581,2023-09-19
11783.8931930235,11783.8931930235,0,0.17838931930234994,23,0.7391304347826086,0.8830883553865961,0.054932351600197646,0.1205970655853365,2023-09-20
11783.8931930235,11783.8931930235,0,0.17838931930234994,23,0.7391304347826086,0.8813458897639984,0.054932351600197646,0.12042541194713167,2023-09-21
11783.8931930235,11783.8931930235,0,0.17838931930234994,23,0.7391304347826086,0.8796102289024385,0.054932351600197646,0.1202544891872784,2023-09-22
11772.698494490127,577.9999611178027,1,0.1772698494490127,23,0.7391304347826086,0.8721777341726654,0.054932351600197646,0.12008979336887071,2023-09-25
11939.000593715667,577.9999611178027,1,0.19390005937156674,23,0.7391304347826086,0.9502017738036069,0.054932351600197646,0.1204697975257671,2023-09-26
11991.07113914977,577.9999611178027,1,0.19910711391497699,23,0.7391304347826086,0.9738474062964192,0.054932351600197646,0.12034274244980632,2023-09-27
11776.856784933792,577.9999611178027,1,0.17768567849337924,23,0.7391304347826086,0.8593729903058892,0.054932351600197646,0.12116709724030611,2023-09-28
11820.963020844169,577.9999611178027,1,0.18209630208441685,23,0.7391304347826086,0.8793868443248997,0.054932351600197646,0.12102765428253925,2023-09-29
11903.46068907067,577.9999611178027,1,0.1903460689070669,23,0.7391304347826086,0.9175248197474002,0.054932351600197646,0.12098014330487619,2023-10-02
11756.638666113307,577.9999611178027,1,0.17566386661133074,23,0.7391304347826086,0.8405798837622706,0.054932351600197646,0.12129012867287868,2023-10-03
11797.359539199368,577.9999611178027,1,0.17973595391993677,23,0.7391304347826086,0.8588398541312529,0.054932351600197646,0.1211467365418086,2023-10-04
11821.143496153636,577.9999611178027,1,0.1821143496153636,23,0.7391304347826086,0.8688039971291683,0.054932351600197646,0.12098505892931288,2023-10-05
12251.661906945626,577.9999611178027,1,0.22516619069456265,23,0.7391304347826086,1.0458638753383518,0.054932351600197646,0.12447954557461223,2023-09-19
12239.639629540357,12239.639629540357,0,0.22396396295403576,24,0.75,1.0384205972866247,0.054932351600197646,0.12431444000068706,2023-09-20
12228.011971892294,600.3543238289549,1,0.22280119718922942,24,0.75,1.0311779711233238,0.054932351600197646,0.12414971651510828,2023-09-21
11959.487698277579,600.3543238289549,1,0.19594876982775786,24,0.75,0.8965145674109769,0.054932351600197646,0.12538657240864262,2023-09-22
11891.380766128279,600.3543238289549,1,0.1891380766128279,24,0.75,0.862715300229262,0.054932351600197646,0.12532102352260208,2023-09-25
12059.113858195726,600.3543238289549,1,0.20591138581957258,24,0.75,0.9349206735077681,0.054932351600197646,0.12565585673007518,2023-09-26
12111.632459175353,600.3543238289549,1,0.21116324591753527,24,0.75,0.9567409071431762,0.054932351600197646,0.12552413869874585,2023-09-27
11895.574837742999,600.3543238289549,1,0.1895574837742999,24,0.75,0.8513194254591505,0.054932351600197646,0.1262718186982674,2023-09-28
11940.060598074084,600.3543238289549,1,0.19400605980740837,24,0.75,0.8697936594653939,0.054932351600197646,0.12612883915928555,2023-09-29
12023.268140518987,600.3543238289549,1,0.2023268140518987,24,0.75,0.9050631690261928,0.054932351600197646,0.1260705432700647,2023-10-02
11875.18274647452,600.3543238289549,1,0.18751827464745202,24,0.75,0.8340283375190202,0.054932351600197646,0.12634387811475906,2023-10-03
11916.254013681722,600.3543238289549,1,0.19162540136817224,24,0.75,0.850891063793619,0.054932351600197646,0.12619741844654692,2023-10-04
11940.242626333738,600.3543238289549,1,0.19402426263337383,24,0.75,0.8600744671169508,0.054932351600197646,0.12603421527000358,2023-10-05
11746.40516049723,600.3543238289549,1,0.174640516049723,24,0.75,0.7670464050885568,0.054932351600197646,0.12661177327064357,2023-10-06
11823.584432281596,600.3543238289549,1,0.18235844322815956,24,0.75,0.7998961326096479,0.054932351600197646,0.12654160642968865,2023-10-09
11937.815440951512,600.3543238289549,1,0.1937815440951512,24,0.75,0.8481542887699004,0.054932351600197646,0.1265959094787637,2023-10-10
12148.01468702551,600.3543238289549,1,0.21480146870255104,24,0.75,0.9340233128534993,0.054932351600197646,0.12719672554414715,2023-10-11
12356.776189378797,600.3543238289549,1,0.23567761893787975,24,0.75,1.0167795720840045,0.054932351600197646,0.12775045063491872,2023-10-12
12112.017109619033,600.3543238289549,1,0.21120171096190335,24,0.75,0.9041589623057612,0.054932351600197646,0.12865909201292894,2023-10-13
11953.43876277577,600.3543238289549,1,0.19534387627757696,24,0.75,0.8318937803950941,0.054932351600197646,0.1289672116681884,2023-10-16
11895.574837742999,600.3543238289549,1,0.1895574837742999,24,0.75,0.805077529482326,0.054932351600197646,0.12887101848290733,2023-09-28
11940.060598074084,600.3543238289549,1,0.19400605980740837,24,0.75,0.8226123074969179,0.054932351600197646,0.12872920185939313,2023-09-29
12023.268140518987,600.3543238289549,1,0.2023268140518987,24,0.75,0.8560860606358808,0.054932351600197646,0.12866780756654983,2023-10-02
11875.18274647452,600.3543238289549,1,0.18751827464745202,24,0.75,0.7890931824471283,0.054932351600197646,0.12891891245642279,2023-10-03
11916.254013681722,600.3543238289549,1,0.19162540136817224,24,0.75,0.8051065982780458,0.054932351600197646,0.1287738213890855,2023-10-04
11940.242626333738,600.3543238289549,1,0.19402426263337383,24,0.75,0.81384216926767,0.054932351600197646,0.1286127744510197,2023-10-05
11746.40516049723,600.3543238289549,1,0.174640516049723,24,0.75,0.7261005773991557,0.054932351600197646,0.12915208050764232,2023-10-06
11823.584432281596,600.3543238289549,1,0.18235844322815956,24,0.75,0.7572972423543379,0.054932351600197646,0.12907952843340947,2023-10-09
11937.815440951512,600.3543238289549,1,0.1937815440951512,24,0.75,0.803155450003615,0.054932351600197646,0.1291251794041769,2023-10-10
12148.01468702551,600.3543238289549,1,0.21480146870255104,24,0.75,0.8849420188885784,0.054932351600197646,0.1296895945943234,2023-10-11
12356.776189378797,600.3543238289549,1,0.23567761893787975,24,0.75,0.9638195530331963,0.054932351600197646,0.1302097868160492,2023-10-12
12112.017109619033,600.3543238289549,1,0.21120171096190335,24,0.75,0.857550383167774,0.054932351600197646,0.13106408828198696,2023-10-13
11953.43876277577,600.3543238289549,1,0.19534387627757696,24,0.75,0.7892064584702307,0.054932351600197646,0.13134952621051404,2023-10-16
12061.027911307172,600.3543238289549,1,0.2061027911307172,24,0.75,0.8305868319032186,0.054932351600197646,0.1313587110384005,2023-10-17
12169.481356269574,600.3543238289549,1,0.21694813562695744,24,0.75,0.8717182849195717,0.054932351600197646,0.13136660595417327,2023-10-18
12279.27040140219,600.3543238289549,1,0.22792704014021892,24,0.75,0.9127782172248294,0.054932351600197646,0.1313747955418428,2023-10-19
13001.45397389183,13001.45397389183,0,0.300145397389183,25,0.76,1.1274702554332994,0.054932351600197646,0.13915750399644475,2023-10-20
13001.45397389183,13001.45397389183,0,0.300145397389183,25,0.76,1.1256823112842191,0.054932351600197646,0.13898369267304103,2023-10-23
13001.45397389183,13001.45397389183,0,0.300145397389183,25,0.76,1.1239006796220814,0.054932351600197646,0.13881053097567678,2023-10-24
13001.45397389183,13001.45397389183,0,0.300145397389183,25,0.76,1.122125321292059,0.054932351600197646,0.13863801486796584,2023-10-25
12989.102592616633,637.7213174193948,1,0.2989102592616633,25,0.76,1.1160040053384004,0.054932351600197646,0.1384711795480088,2023-10-09
13114.816021629364,637.7213174193948,1,0.31148160216293636,25,0.76,1.156598837095542,0.054932351600197646,0.13848126323107357,2023-10-10
13346.144347515119,637.7213174193948,1,0.3346144347515119,25,0.76,1.2288256994153124,0.054932351600197646,0.13895368761580632,2023-10-11
13562.952239605147,13562.952239605147,0,0.3562952239605147,26,0.7692307692307693,1.2949533703504401,0.054932351600197646,0.13931831273939282,2023-10-12
13562.952239605147,13562.952239605147,0,0.3562952239605147,26,0.7692307692307693,1.292985668524426,0.054932351600197646,0.13914761913653667,2023-10-13
13562.952239605147,13562.952239605147,0,0.3562952239605147,26,0.7692307692307693,1.2910248595828808,0.054932351600197646,0.13897755134785492,2023-10-16
13562.952239605147,13562.952239605147,0,0.3562952239605147,26,0.7692307692307693,1.289070901361051,0.054932351600197646,0.13880810555898263,2023-10-17
13562.952239605147,13562.952239605147,0,0.3562952239605147,26,0.7692307692307693,1.2871237520570324,0.054932351600197646,0.13863927798802073,2023-10-18
13562.952239605147,13562.952239605147,0,0.3562952239605147,26,0.7692307692307693,1.2851833702277522,0.054932351600197646,0.1384710648851819,2023-10-19
13562.952239605147,13562.952239605147,0,0.3562952239605147,26,0.7692307692307693,1.2832497147850113,0.054932351600197646,0.13830346253244083,2023-10-20
13562.952239605147,13562.952239605147,0,0.3562952239605147,26,0.7692307692307693,1.281322744991576,0.054932351600197646,0.13813646724318895,2023-10-23
13562.952239605147,13562.952239605147,0,0.3562952239605147,26,0.7692307692307693,1.2794024204573238,0.054932351600197646,0.13797007536189432,2023-10-24
13562.952239605147,13562.952239605147,0,0.3562952239605147,26,0.7692307692307693,1.2774887011354397,0.054932351600197646,0.13780428326376543,2023-10-25
13562.952239605147,13562.952239605147,0,0.3562952239605147,26,0.7692307692307693,1.2755815473186665,0.054932351600197646,0.1376390873544197,2023-10-26
13562.952239605147,13562.952239605147,0,0.3562952239605147,26,0.7692307692307693,1.2736809196356003,0.054932351600197646,0.1374744840695564,2023-10-27
13562.952239605147,13562.952239605147,0,0.3562952239605147,26,0.7692307692307693,1.271786779047039,0.054932351600197646,0.1373104698746336,2023-10-30
13562.952239605147,13562.952239605147,0,0.3562952239605147,26,0.7692307692307693,1.2698990868423785,0.054932351600197646,0.13714704126454969,2023-10-31
13562.952239605147,13562.952239605147,0,0.3562952239605147,26,0.7692307692307693,1.268017804636056,0.054932351600197646,0.1369841947633287,2023-11-01
13562.952239605147,13562.952239605147,0,0.3562952239605147,26,0.7692307692307693,1.2661428943640394,0.054932351600197646,0.13682192692381015,2023-11-02
13562.952239605147,13562.952239605147,0,0.3562952239605147,26,0.7692307692307693,1.2642743182803664,0.054932351600197646,0.13666023432734228,2023-11-03
13562.952239605147,13562.952239605147,0,0.3562952239605147,26,0.7692307692307693,1.2624120389537237,0.054932351600197646,0.13649911358348005,2023-10-18
13562.952239605147,13562.952239605147,0,0.3562952239605147,26,0.7692307692307693,1.260556019264078,0.054932351600197646,0.13633856132968636,2023-10-19
13562.952239605147,13562.952239605147,0,0.3562952239605147,26,0.7692307692307693,1.2587062223993435,0.054932351600197646,0.13617857423103774,2023-10-20
13562.952239605147,13562.952239605147,0,0.3562952239605147,26,0.7692307692307693,1.256862611852099,0.054932351600197646,0.13601914897993309,2023-10-23
13562.952239605147,13562.952239605147,0,0.3562952239605147,26,0.7692307692307693,1.2550251514163453,0.054932351600197646,0.13586028229580682,2023-10-24
13562.952239605147,13562.952239605147,0,0.3562952239605147,26,0.7692307692307693,1.2531938051843046,0.054932351600197646,0.13570197092484546,2023-10-25
13562.952239605147,13562.952239605147,0,0.3562952239605147,26,0.7692307692307693,1.25136853754326,0.054932351600197646,0.13554421163970773,2023-10-26
13562.952239605147,13562.952239605147,0,0.3562952239605147,26,0.7692307692307693,1.2495493131724404,0.054932351600197646,0.13538700123924827,2023-10-27
13562.952239605147,13562.952239605147,0,0.3562952239605147,26,0.7692307692307693,1.2477360970399398,0.054932351600197646,0.13523033654824515,2023-10-30
13562.952239605147,13562.952239605147,0,0.3562952239605147,26,0.7692307692307693,1.2459288543996827,0.054932351600197646,0.13507421441713022,2023-10-31
13562.952239605147,13562.952239605147,0,0.3562952239605147,26,0.7692307692307693,1.2441275507884197,0.054932351600197646,0.1349186317217237,2023-11-01
13562.952239605147,13562.952239605147,0,0.3562952239605147,26,0.7692307692307693,1.2423321520227726,0.054932351600197646,0.13476358536297128,2023-11-02
13562.952239605147,13562.952239605147,0,0.3562952239605147,26,0.7692307692307693,1.2405426241963076,0.054932351600197646,0.13460907226668525,2023-11-03
13562.952239605147,13562.952239605147,0,0.3562952239605147,26,0.7692307692307693,1.2387589336766514,0.054932351600197646,0.1344550893832883,2023-11-06
13562.952239605147,13562.952239605147,0,0.3562952239605147,26,0.7692307692307693,1.2369810471026403,0.054932351600197646,0.13430163368756107,2023-11-07
13562.952239605147,13562.952239605147,0,0.3562952239605147,26,0.7692307692307693,1.23520893138151,0.054932351600197646,0.13414870217839248,2023-11-08
13562.952239605147,13562.952239605147,0,0.3562952239605147,26,0.7692307692307693,1.2334425536861162,0.054932351600197646,0.1339962918785332,2023-11-09
13562.952239605147,13562.952239605147,0,0.3562952239605147,26,0.7692307692307693,1.2316818814521953,0.054932351600197646,0.13384439983435245,2023-11-10
13562.952239605147,13562.952239605147,0,0.3562952239605147,26,0.7692307692307693,1.2299268823756528,0.054932351600197646,0.13369302311559766,2023-11-13
13562.952239605147,13562.952239605147,0,0.3562952239605147,26,0.7692307692307693,1.2281775244098936,0.054932351600197646,0.1335421588151569,2023-11-14
13562.952239605147,13562.952239605147,0,0.3562952239605147,26,0.7692307692307693,1.2264337757631807,0.054932351600197646,0.13339180404882484,2023-10-27
13562.952239605147,13562.952239605147,0,0.3562952239605147,26,0.7692307692307693,1.2246956048960276,0.054932351600197646,0.13324195595507085,2023-10-30
13562.952239605147,13562.952239605147,0,0.3562952239605147,26,0.7692307692307693,1.2229629805186244,0.054932351600197646,0.1330926116948106,2023-10-31
13562.952239605147,13562.952239605147,0,0.3562952239605147,26,0.7692307692307693,1.2212358715882965,0.054932351600197646,0.13294376845118,2023-11-01
13562.952239605147,13562.952239605147,0,0.3562952239605147,26,0.7692307692307693,1.2195142473069929,0.054932351600197646,0.13279542342931236,2023-11-02
13562.952239605147,13562.952239605147,0,0.3562952239605147,26,0.7692307692307693,1.2177980771188064,0.054932351600197646,0.13264757385611792,2023-11-03
13562.952239605147,13562.952239605147,0,0.3562952239605147,26,0.7692307692307693,1.2160873307075253,0.054932351600197646,0.13250021698006606,2023-11-06
13562.952239605147,13562.952239605147,0,0.3562952239605147,26,0.7692307692307693,1.214381977994215,0.054932351600197646,0.13235335007097054,2023-11-07
13562.952239605147,13562.952239605147,0,0.3562952239605147,26,0.7692307692307693,1.2126819891348315,0.054932351600197646,0.13220697041977683,2023-11-08
13562.952239605147,13562.952239605147,0,0.3562952239605147,26,0.7692307692307693,1.2109873345178555,0.054932351600197646,0.13206107533835265,2023-11-09
13562.952239605147,13562.952239605147,0,0.3562952239605147,26,0.7692307692307693,1.209297984761968,0.054932351600197646,0.13191566215928036,2023-11-10
13562.952239605147,13562.952239605147,0,0.3562952239605147,26,0.7692307692307693,1.2076139107137465,0.054932351600197646,0.13177072823565236,2023-11-13
13562.952239605147,13562.952239605147,0,0.3562952239605147,26,0.7692307692307693,1.2059350834453908,0.054932351600197646,0.13162627094086873,2023-11-14
13562.952239605147,13562.952239605147,0,0.3562952239605147,26,0.7692307692307693,1.2042614742524758,0.054932351600197646,0.13148228766843753,2023-11-15
13562.952239605147,13562.952239605147,0,0.3562952239605147,26,0.7692307692307693,1.2025930546517347,0.054932351600197646,0.13133877583177697,2023-11-16
13562.952239605147,13562.952239605147,0,0.3562952239605147,26,0.7692307692307693,1.2009297963788663,0.054932351600197646,0.13119573286402064,2023-11-17
13562.952239605147,13562.952239605147,0,0.3562952239605147,26,0.7692307692307693,1.19927167138637,0.054932351600197646,0.13105315621782465,2023-11-20
13562.952239605147,13562.952239605147,0,0.3562952239605147,26,0.7692307692307693,1.1976186518414047,0.054932351600197646,0.13091104336517706,2023-11-21
13562.952239605147,13562.952239605147,0,0.3562952239605147,26,0.7692307692307693,1.1959707101236763,0.054932351600197646,0.13076939179720987,2023-11-22
13562.952239605147,13562.952239605147,0,0.3562952239605147,26,0.7692307692307693,1.1943278188233521,0.054932351600197646,0.13062819902401265,2023-11-23
13562.952239605147,13562.952239605147,0,0.3562952239605147,26,0.7692307692307693,1.1926899507389932,0.054932351600197646,0.13048746257444932,2023-11-07
13562.952239605147,13562.952239605147,0,0.3562952239605147,26,0.7692307692307693,1.1910570788755197,0.054932351600197646,0.13034717999597606,2023-11-08
13562.952239605147,13562.952239605147,0,0.3562952239605147,26,0.7692307692307693,1.189429176442196,0.054932351600197646,0.1302073488544622,2023-11-09
13550.067434977522,665.2628073526339,1,0.3550067434977522,26,0.7692307692307693,1.1837973474366554,0.054932351600197646,0.1300725935544129,2023-11-10
13792.281945416808,665.2628073526339,1,0.3792281945416808,26,0.7692307692307693,1.2508472126986676,0.054932351600197646,0.13054577637330686,2023-11-13
13823.94332828493,665.2628073526339,1,0.38239433282849294,26,0.7692307692307693,1.2586456093045417,0.054932351600197646,0.13041071882688243,2023-11-14
13615.349187090775,665.2628073526339,1,0.36153491870907745,26,0.7692307692307693,1.1897502705357956,0.054932351600197646,0.1307872337040562,2023-11-15
13485.267932688115,665.2628073526339,1,0.34852679326881153,26,0.7692307692307693,1.1468793685273704,0.054932351600197646,0.1308633309569247,2023-11-16
13642.723316958003,665.2628073526339,1,0.3642723316958003,26,0.7692307692307693,1.1910628327233443,0.054932351600197646,0.130971703527983,2023-11-17
13509.458312041152,665.2628073526339,1,0.35094583120411516,26,0.7692307692307693,1.1474753218450893,0.054932351600197646,0.13105610448660943,2023-11-20
13572.250657337388,665.2628073526339,1,0.35722506573373886,26,0.7692307692307693,1.1646416480808977,0.054932351600197646,0.13094906953246926,2023-11-21
13600.170678222108,665.2628073526339,1,0.3600170678222108,26,0.7692307692307693,1.1714451368532806,0.054932351600197646,0.130814115249875,2023-11-22
13483.977172421351,665.2628073526339,1,0.34839771724213514,26,0.7692307692307693,1.1335476950922685,0.054932351600197646,0.13084898352534086,2023-11-23
13929.02645324376,13929.02645324376,0,0.39290264532437597,27,0.7777777777777778,1.2462028313698126,0.054932351600197646,0.1328161251392232,2023-11-24
13929.02645324376,13929.02645324376,0,0.39290264532437597,27,0.7777777777777778,1.2445628516821916,0.054932351600197646,0.132677326285488,2023-11-27
13929.02645324376,13929.02645324376,0,0.39290264532437597,27,0.7777777777777778,1.2429277465000397,0.054932351600197646,0.13253896164245685,2023-11-28
13929.02645324376,13929.02645324376,0,0.39290264532437597,27,0.7777777777777778,1.2412974904206764,0.054932351600197646,0.13240102895109102,2023-11-29
13929.02645324376,13929.02645324376,0,0.39290264532437597,27,0.7777777777777778,1.2396720582278307,0.054932351600197646,0.13226352596877022,2023-11-30
13915.793878113178,683.2187475316059,1,0.3915793878113178,27,0.7777777777777778,1.2342262619132531,0.054932351600197646,0.1321309990474739,2023-12-01
13767.909392453155,683.2187475316059,1,0.37679093924531554,27,0.7777777777777778,1.1880548560516857,0.054932351600197646,0.13224886611955297,2023-12-04
13570.08852582666,13570.08852582666,0,0.35700885258266607,28,0.75,1.1257017517580514,0.054932351600197646,0.13256000023227996,2023-11-16
13570.08852582666,13570.08852582666,0,0.35700885258266607,28,0.75,1.1242125194088384,0.054932351600197646,0.13242330679593492,2023-11-17
13557.196941727125,665.6128421917983,1,0.3557196941727125,28,0.75,1.118944608566566,0.054932351600197646,0.1322913169337234,2023-11-20
13620.220959066164,665.6128421917983,1,0.36202209590661644,28,0.75,1.1355226915145624,0.054932351600197646,0.13218574840627068,2023-11-21
13648.243990727802,665.6128421917983,1,0.3648243990727802,28,0.75,1.142102386219781,0.054932351600197646,0.1320531563902011,2023-11-22
13518.755780623214,13518.755780623214,0,0.35187557806232145,29,0.7241379310344828,1.1016316069840404,0.054932351600197646,0.1321197422165575,2023-11-23
13518.755780623214,13518.755780623214,0,0.35187557806232145,29,0.7241379310344828,1.1001817926983104,0.054932351600197646,0.13198487020494212,2023-11-24
13518.755780623214,13518.755780623214,0,0.35187557806232145,29,0.7241379310344828,1.0987361438234922,0.054932351600197646,0.13185041037521694,2023-11-27
13518.755780623214,13518.755780623214,0,0.35187557806232145,29,0.7241379310344828,1.097294639251501,0.054932351600197646,0.13171636063231437,2023-11-28
13518.755780623214,13518.755780623214,0,0.35187557806232145,29,0.7241379310344828,1.095857258025016,0.054932351600197646,0.13158271889604442,2023-11-29
13505.912962631623,663.0949710395689,1,0.35059129626316227,29,0.7241379310344828,1.0906801482797766,0.054932351600197646,0.13145365323500982,2023-11-30
13700.28269015259,663.0949710395689,1,0.370028269015259,29,0.7241379310344828,1.1422006808890433,0.054932351600197646,0.13168707075225763,2023-12-01
13554.581813243269,663.0949710395689,1,0.3554581813243269,29,0.7241379310344828,1.0973438406804559,0.054932351600197646,0.13180126941778686,2023-12-04
13550.4276684312,663.0949710395689,1,0.3550427668431201,29,0.7241379310344828,1.0947229358163872,0.054932351600197646,0.1316695805601369,2023-12-05
13674.176664871222,663.0949710395689,1,0.3674176664871222,29,0.7241379310344828,1.1274651394624287,0.054932351600197646,0.13167535494166277,2023-12-06
13861.12432872529,13861.12432872529,0,0.38611243287252894,30,0.7333333333333333,1.1759165724692096,0.054932351600197646,0.13186801450391408,2023-12-07
13861.12432872529,13861.12432872529,0,0.38611243287252894,30,0.7333333333333333,1.174419226678885,0.054932351600197646,0.13173621061516616,2023-12-08
13847.956260613,679.8881483239747,1,0.3847956260613,30,0.7333333333333333,1.1692355012341487,0.054932351600197646,0.1316090600597494,2023-12-11
13768.419233271747,679.8881483239747,1,0.37684192332717464,30,0.7333333333333333,1.1450063782235271,0.054932351600197646,0.13155643074476575,2023-12-12
13652.125876383046,679.8881483239747,1,0.36521258763830466,30,0.7333333333333333,1.1098211894456707,0.054932351600197646,0.1315839976851216,2023-12-13
14228.129505709328,14228.129505709328,0,0.4228129505709328,31,0.7419354838709677,1.2391830841008142,0.054932351600197646,0.13470598070450587,2023-11-27
14228.129505709328,14228.129505709328,0,0.4228129505709328,31,0.7419354838709677,1.2376427483501646,0.054932351600197646,0.13457276870746826,2023-11-28
14228.129505709328,14228.129505709328,0,0.4228129505709328,31,0.7419354838709677,1.236106746650449,0.054932351600197646,0.13443995110318127,2023-11-29
14228.129505709328,14228.129505709328,0,0.4228129505709328,31,0.7419354838709677,1.2345750576259726,0.054932351600197646,0.13430752594954135,2023-11-30
14214.612782678905,697.8897522550415,1,0.42146127826789054,31,0.7419354838709677,1.2294753591751721,0.054932351600197646,0.13417976616477076,2023-12-01
14063.552719657342,697.8897522550415,1,0.40635527196573423,31,0.7419354838709677,1.1863662500647567,0.054932351600197646,0.13428619980396628,2023-12-04
14059.245776621561,697.8897522550415,1,0.4059245776621561,31,0.7419354838709677,1.1837500818994626,0.054932351600197646,0.1341556175573988,2023-12-05
14187.54652262681,697.8897522550415,1,0.418754652262681,31,0.7419354838709677,1.214882460979484,0.054932351600197646,0.13415427330155438,2023-12-06
14395.067694511845,697.8897522550415,1,0.4395067694511845,31,0.7419354838709677,1.2640732100645726,0.054932351600197646,0.13437816380920417,2023-12-07
14153.120604715645,697.8897522550415,1,0.4153120604715645,31,0.7419354838709677,1.1956434578798594,0.054932351600197646,0.13481159717746338,2023-12-08
14101.96148363718,697.8897522550415,1,0.41019614836371804,31,0.7419354838709677,1.1806458226840808,0.054932351600197646,0.13471393577761911,2023-12-11
14020.998960456722,697.8897522550415,1,0.4020998960456722,31,0.7419354838709677,1.1575523243173147,0.054932351600197646,0.1346582590712827,2023-12-12
13902.621345431735,697.8897522550415,1,0.3902621345431735,31,0.7419354838709677,1.1240329736718984,0.054932351600197646,0.13467911554759723,2023-12-13
14296.44676648321,697.8897522550415,1,0.429644676648321,31,0.7419354838709677,1.2133998902446852,0.054932351600197646,0.1359308575919793,2023-12-14
14406.135270581974,697.8897522550415,1,0.44061352705819734,31,0.7419354838709677,1.2387917092330132,0.054932351600197646,0.13588536279260885,2023-12-15
14151.456964780498,697.8897522550415,1,0.41514569647804983,31,0.7419354838709677,1.1684726655502775,0.054932351600197646,0.1363617743385257,2023-12-18
14370.624355106025,697.8897522550415,1,0.43706243551060253,31,0.7419354838709677,1.2189881178817215,0.054932351600197646,0.1366190912899636,2023-12-19
14856.943802114229,697.8897522550415,1,0.48569438021142286,31,0.7419354838709677,1.3194418288505607,0.054932351600197646,0.13842234693225966,2023-12-20
15113.82726332149,697.8897522550415,1,0.5113827263321489,31,0.7419354838709677,1.3738770755790504,0.054932351600197646,0.1387643512455269,2023-12-21
14786.910267895762,697.8897522550415,1,0.47869102678957626,31,0.7419354838709677,1.2885062662200435,0.054932351600197646,0.13950858500865085,2023-12-22
